Style,Standard
Append Mode,1
Fill Mode,1
Capacity,100000
Count,600
Base Time Seconds,1763383506
Base Time Fractional,.874590660
Index,Reading,Unit,Range Digits,Disp Digits,Math,Start Group,Limit1 High,Limit1 Low,Limit2 High,Limit2 Low,Terminal,Questionable,Origin,Value,Unit,Digits,Output,Sense,Source Limit,Overtemp,Date,Time,Fractional Seconds
1,-0.02985594421625,Amp DC,1,5.5,F,F,F,F,F,F,Front,F,Main,0.0499925352633,Volt DC,1,T,4W,F,F,11/17/2025,12:45:06,.874590660
2,-0.02985478565097,Amp DC,1,5.5,F,F,F,F,F,F,Front,F,Main,0.0499918498099,Volt DC,1,T,4W,F,F,11/17/2025,12:45:06,.957201280
3,-0.02985305339098,Amp DC,1,5.5,F,F,F,F,F,F,Front,F,Main,0.0499930009246,Volt DC,1,T,4W,F,F,11/17/2025,12:45:07,.039816040
4,-0.0298478435725,Amp DC,1,5.5,F,F,F,F,F,F,Front,F,Main,0.0499923266470,Volt DC,1,T,4W,F,F,11/17/2025,12:45:07,.122422540
5,-0.02984783053398,Amp DC,1,5.5,F,F,F,F,F,F,Front,F,Main,0.0499918498099,Volt DC,1,T,4W,F,F,11/17/2025,12:45:07,.205029780
6,-0.02984204702079,Amp DC,1,5.5,F,F,F,F,F,F,Front,F,Main,0.0499927811325,Volt DC,1,T,4W,F,F,11/17/2025,12:45:07,.287634920
7,-0.02984146215022,Amp DC,1,5.5,F,F,F,F,F,F,Front,F,Main,0.0499928817153,Volt DC,1,T,4W,F,F,11/17/2025,12:45:07,.370239960
8,-0.02984087914228,Amp DC,1,5.5,F,F,F,F,F,F,Front,F,Main,0.0499927662313,Volt DC,1,T,4W,F,F,11/17/2025,12:45:07,.452846840
9,-0.02983798272908,Amp DC,1,5.5,F,F,F,F,F,F,Front,F,Main,0.0499924197793,Volt DC,1,T,4W,F,F,11/17/2025,12:45:07,.535454200
10,-0.02983855456114,Amp DC,1,5.5,F,F,F,F,F,F,Front,F,Main,0.0499928668141,Volt DC,1,T,4W,F,F,11/17/2025,12:45:07,.618058540
11,-0.02983856014907,Amp DC,1,5.5,F,F,F,F,F,F,Front,F,Main,0.0499929897487,Volt DC,1,T,4W,F,F,11/17/2025,12:45:07,.700662740
12,-0.02983508445323,Amp DC,1,5.5,F,F,F,F,F,F,Front,F,Main,0.0499921925366,Volt DC,1,T,4W,F,F,11/17/2025,12:45:07,.783268200
13,-0.02983509190381,Amp DC,1,5.5,F,F,F,F,F,F,Front,F,Main,0.0499919764698,Volt DC,1,T,4W,F,F,11/17/2025,12:45:07,.865872260
14,-0.02983566001058,Amp DC,1,5.5,F,F,F,F,F,F,Front,F,Main,0.0499926395714,Volt DC,1,T,4W,F,F,11/17/2025,12:45:07,.948477200
15,-0.02983044087887,Amp DC,1,5.5,F,F,F,F,F,F,Front,F,Main,0.0499922893941,Volt DC,1,T,4W,F,F,11/17/2025,12:45:08,.031082540
16,-0.02983161620796,Amp DC,1,5.5,F,F,F,F,F,F,Front,F,Main,0.0499918609858,Volt DC,1,T,4W,F,F,11/17/2025,12:45:08,.113695460
17,-0.02982638962567,Amp DC,1,5.5,F,F,F,F,F,F,Front,F,Main,0.0499920696020,Volt DC,1,T,4W,F,F,11/17/2025,12:45:08,.196301040
18,-0.02982581220567,Amp DC,1,5.5,F,F,F,F,F,F,Front,F,Main,0.0499923005700,Volt DC,1,T,4W,F,F,11/17/2025,12:45:08,.278906340
19,-0.02982639707625,Amp DC,1,5.5,F,F,F,F,F,F,Front,F,Main,0.0499921999872,Volt DC,1,T,4W,F,F,11/17/2025,12:45:08,.361510780
20,-0.02982465364039,Amp DC,1,5.5,F,F,F,F,F,F,Front,F,Main,0.0499918460846,Volt DC,1,T,4W,F,F,11/17/2025,12:45:08,.444121160
21,-0.02982176467776,Amp DC,1,5.5,F,F,F,F,F,F,Front,F,Main,0.0499920919538,Volt DC,1,T,4W,F,F,11/17/2025,12:45:08,.526732780
22,-0.02982350066304,Amp DC,1,5.5,F,F,F,F,F,F,Front,F,Main,0.0499927699566,Volt DC,1,T,4W,F,F,11/17/2025,12:45:08,.609335100
23,-0.0298194475472,Amp DC,1,5.5,F,F,F,F,F,F,Front,F,Main,0.0499923154712,Volt DC,1,T,4W,F,F,11/17/2025,12:45:08,.691938540
24,-0.02982002869248,Amp DC,1,5.5,F,F,F,F,F,F,Front,F,Main,0.0499917529523,Volt DC,1,T,4W,F,F,11/17/2025,12:45:08,.774541300
25,-0.02982118725777,Amp DC,1,5.5,F,F,F,F,F,F,Front,F,Main,0.0499916374683,Volt DC,1,T,4W,F,F,11/17/2025,12:45:08,.857144380
26,-0.02981655858457,Amp DC,1,5.5,F,F,F,F,F,F,Front,F,Main,0.0499919876456,Volt DC,1,T,4W,F,F,11/17/2025,12:45:08,.939756120
27,-0.02981597371399,Amp DC,1,5.5,F,F,F,F,F,F,Front,F,Main,0.0499924384058,Volt DC,1,T,4W,F,F,11/17/2025,12:45:09,.022357480
28,-0.0298142246902,Amp DC,1,5.5,F,F,F,F,F,F,Front,F,Main,0.0499919615686,Volt DC,1,T,4W,F,F,11/17/2025,12:45:09,.104958840
29,-0.02981306985021,Amp DC,1,5.5,F,F,F,F,F,F,Front,F,Main,0.0499921962619,Volt DC,1,T,4W,F,F,11/17/2025,12:45:09,.187561100
30,-0.02981422841549,Amp DC,1,5.5,F,F,F,F,F,F,Front,F,Main,0.0499921962619,Volt DC,1,T,4W,F,F,11/17/2025,12:45:09,.270163200
31,-0.02981017157435,Amp DC,1,5.5,F,F,F,F,F,F,Front,F,Main,0.0499921962619,Volt DC,1,T,4W,F,F,11/17/2025,12:45:09,.352772220
32,-0.02981133945286,Amp DC,1,5.5,F,F,F,F,F,F,Front,F,Main,0.0499923266470,Volt DC,1,T,4W,F,F,11/17/2025,12:45:09,.435373900
33,-0.02980960346758,Amp DC,1,5.5,F,F,F,F,F,F,Front,F,Main,0.0499927811325,Volt DC,1,T,4W,F,F,11/17/2025,12:45:09,.517974320
34,-0.02980958670378,Amp DC,1,5.5,F,F,F,F,F,F,Front,F,Main,0.0499924160540,Volt DC,1,T,4W,F,F,11/17/2025,12:45:09,.600573740
35,-0.02980727888644,Amp DC,1,5.5,F,F,F,F,F,F,Front,F,Main,0.0499925464392,Volt DC,1,T,4W,F,F,11/17/2025,12:45:09,.683175500
36,-0.02980611659586,Amp DC,1,5.5,F,F,F,F,F,F,Front,F,Main,0.0499920807779,Volt DC,1,T,4W,F,F,11/17/2025,12:45:09,.765783160
37,-0.02980786003172,Amp DC,1,5.5,F,F,F,F,F,F,Front,F,Main,0.0499926619232,Volt DC,1,T,4W,F,F,11/17/2025,12:45:09,.848384040
38,-0.02980727888644,Amp DC,1,5.5,F,F,F,F,F,F,Front,F,Main,0.0499924309552,Volt DC,1,T,4W,F,F,11/17/2025,12:45:09,.930986060
39,-0.029809596017,Amp DC,1,5.5,F,F,F,F,F,F,Front,F,Main,0.0499921999872,Volt DC,1,T,4W,F,F,11/17/2025,12:45:10,.013585060
40,-0.02980843372643,Amp DC,1,5.5,F,F,F,F,F,F,Front,F,Main,0.0499923117459,Volt DC,1,T,4W,F,F,11/17/2025,12:45:10,.096184820
41,-0.02980727888644,Amp DC,1,5.5,F,F,F,F,F,F,Front,F,Main,0.0499923154712,Volt DC,1,T,4W,F,F,11/17/2025,12:45:10,.178794200
42,-0.02980842813849,Amp DC,1,5.5,F,F,F,F,F,F,Front,F,Main,0.0499920696020,Volt DC,1,T,4W,F,F,11/17/2025,12:45:10,.261394800
43,-0.02980670705438,Amp DC,1,5.5,F,F,F,F,F,F,Front,F,Main,0.0499922186136,Volt DC,1,T,4W,F,F,11/17/2025,12:45:10,.343994620
44,-0.02981191314757,Amp DC,1,5.5,F,F,F,F,F,F,Front,F,Main,0.0499921999872,Volt DC,1,T,4W,F,F,11/17/2025,12:45:10,.426595800
45,-0.02981017716229,Amp DC,1,5.5,F,F,F,F,F,F,Front,F,Main,0.0499920919538,Volt DC,1,T,4W,F,F,11/17/2025,12:45:10,.509198500
46,-0.0298136472702,Amp DC,1,5.5,F,F,F,F,F,F,Front,F,Main,0.0499920807779,Volt DC,1,T,4W,F,F,11/17/2025,12:45:10,.591807920
47,-0.02981421537697,Amp DC,1,5.5,F,F,F,F,F,F,Front,F,Main,0.0499929711223,Volt DC,1,T,4W,F,F,11/17/2025,12:45:10,.674411060
48,-0.0298153758049,Amp DC,1,5.5,F,F,F,F,F,F,Front,F,Main,0.0499929748476,Volt DC,1,T,4W,F,F,11/17/2025,12:45:10,.757013560
49,-0.02981595695019,Amp DC,1,5.5,F,F,F,F,F,F,Front,F,Main,0.0499920696020,Volt DC,1,T,4W,F,F,11/17/2025,12:45:10,.839615860
50,-0.02982059679925,Amp DC,1,5.5,F,F,F,F,F,F,Front,F,Main,0.0499916151166,Volt DC,1,T,4W,F,F,11/17/2025,12:45:10,.922217360
51,-0.02982174791396,Amp DC,1,5.5,F,F,F,F,F,F,Front,F,Main,0.0499917194247,Volt DC,1,T,4W,F,F,11/17/2025,12:45:11,.004827920
52,-0.02982291579247,Amp DC,1,5.5,F,F,F,F,F,F,Front,F,Main,0.0499924197793,Volt DC,1,T,4W,F,F,11/17/2025,12:45:11,.087437480
53,-0.02982408180833,Amp DC,1,5.5,F,F,F,F,F,F,Front,F,Main,0.0499924309552,Volt DC,1,T,4W,F,F,11/17/2025,12:45:11,.170038580
54,-0.02982639335096,Amp DC,1,5.5,F,F,F,F,F,F,Front,F,Main,0.0499927625060,Volt DC,1,T,4W,F,F,11/17/2025,12:45:11,.252640460
55,-0.02982349693775,Amp DC,1,5.5,F,F,F,F,F,F,Front,F,Main,0.0499925352633,Volt DC,1,T,4W,F,F,11/17/2025,12:45:11,.335242680
56,-0.02982466295362,Amp DC,1,5.5,F,F,F,F,F,F,Front,F,Main,0.0499926619232,Volt DC,1,T,4W,F,F,11/17/2025,12:45:11,.417855380
57,-0.02982871048152,Amp DC,1,5.5,F,F,F,F,F,F,Front,F,Main,0.0499924197793,Volt DC,1,T,4W,F,F,11/17/2025,12:45:11,.500459080
58,-0.02983100712299,Amp DC,1,5.5,F,F,F,F,F,F,Front,F,Main,0.0499923825264,Volt DC,1,T,4W,F,F,11/17/2025,12:45:11,.583065700
59,-0.02983101457357,Amp DC,1,5.5,F,F,F,F,F,F,Front,F,Main,0.0499927401543,Volt DC,1,T,4W,F,F,11/17/2025,12:45:11,.665670220
60,-0.02983218245208,Amp DC,1,5.5,F,F,F,F,F,F,Front,F,Main,0.0499924160540,Volt DC,1,T,4W,F,F,11/17/2025,12:45:11,.748274080
61,-0.02983450144529,Amp DC,1,5.5,F,F,F,F,F,F,Front,F,Main,0.0499923005700,Volt DC,1,T,4W,F,F,11/17/2025,12:45:11,.830886200
62,-0.0298368204385,Amp DC,1,5.5,F,F,F,F,F,F,Front,F,Main,0.0499923042953,Volt DC,1,T,4W,F,F,11/17/2025,12:45:11,.913490640
63,-0.02983624115586,Amp DC,1,5.5,F,F,F,F,F,F,Front,F,Main,0.0499927550554,Volt DC,1,T,4W,F,F,11/17/2025,12:45:11,.996094880
64,-0.02983856759965,Amp DC,1,5.5,F,F,F,F,F,F,Front,F,Main,0.0499920919538,Volt DC,1,T,4W,F,F,11/17/2025,12:45:12,.078701160
65,-0.02984086610377,Amp DC,1,5.5,F,F,F,F,F,F,Front,F,Main,0.0499922856688,Volt DC,1,T,4W,F,F,11/17/2025,12:45:12,.161307160
66,-0.02984203957021,Amp DC,1,5.5,F,F,F,F,F,F,Front,F,Main,0.0499927699566,Volt DC,1,T,4W,F,F,11/17/2025,12:45:12,.243921760
67,-0.0298408921808,Amp DC,1,5.5,F,F,F,F,F,F,Front,F,Main,0.0499922186136,Volt DC,1,T,4W,F,F,11/17/2025,12:45:12,.326528100
68,-0.02984378114343,Amp DC,1,5.5,F,F,F,F,F,F,Front,F,Main,0.0499918572605,Volt DC,1,T,4W,F,F,11/17/2025,12:45:12,.409134520
69,-0.02984320558608,Amp DC,1,5.5,F,F,F,F,F,F,Front,F,Main,0.0499925501645,Volt DC,1,T,4W,F,F,11/17/2025,12:45:12,.491740220
70,-0.02984320186079,Amp DC,1,5.5,F,F,F,F,F,F,Front,F,Main,0.0499930009246,Volt DC,1,T,4W,F,F,11/17/2025,12:45:12,.574346240
71,-0.02984494157135,Amp DC,1,5.5,F,F,F,F,F,F,Front,F,Main,0.0499924384058,Volt DC,1,T,4W,F,F,11/17/2025,12:45:12,.656960700
72,-0.02984667569399,Amp DC,1,5.5,F,F,F,F,F,F,Front,F,Main,0.0499925352633,Volt DC,1,T,4W,F,F,11/17/2025,12:45:12,.739567160
73,-0.02985130436718,Amp DC,1,5.5,F,F,F,F,F,F,Front,F,Main,0.0499921813607,Volt DC,1,T,4W,F,F,11/17/2025,12:45:12,.822175240
74,-0.02984898537397,Amp DC,1,5.5,F,F,F,F,F,F,Front,F,Main,0.0499925315380,Volt DC,1,T,4W,F,F,11/17/2025,12:45:12,.904783280
75,-0.02985073626041,Amp DC,1,5.5,F,F,F,F,F,F,Front,F,Main,0.0499928928912,Volt DC,1,T,4W,F,F,11/17/2025,12:45:12,.987389980
76,-0.02985362708569,Amp DC,1,5.5,F,F,F,F,F,F,Front,F,Main,0.0499924272299,Volt DC,1,T,4W,F,F,11/17/2025,12:45:13,.070006360
77,-0.02985651604831,Amp DC,1,5.5,F,F,F,F,F,F,Front,F,Main,0.0499922968447,Volt DC,1,T,4W,F,F,11/17/2025,12:45:13,.152593540
78,-0.02985651604831,Amp DC,1,5.5,F,F,F,F,F,F,Front,F,Main,0.0499925240874,Volt DC,1,T,4W,F,F,11/17/2025,12:45:13,.235179800
79,-0.02985768206418,Amp DC,1,5.5,F,F,F,F,F,F,Front,F,Main,0.0499924197793,Volt DC,1,T,4W,F,F,11/17/2025,12:45:13,.317766040
80,-0.02985710650682,Amp DC,1,5.5,F,F,F,F,F,F,Front,F,Main,0.0499928817153,Volt DC,1,T,4W,F,F,11/17/2025,12:45:13,.400353520
81,-0.02985939756036,Amp DC,1,5.5,F,F,F,F,F,F,Front,F,Main,0.0499929562211,Volt DC,1,T,4W,F,F,11/17/2025,12:45:13,.482949060
82,-0.02986057288945,Amp DC,1,5.5,F,F,F,F,F,F,Front,F,Main,0.0499921850860,Volt DC,1,T,4W,F,F,11/17/2025,12:45:13,.565537120
83,-0.02986058592796,Amp DC,1,5.5,F,F,F,F,F,F,Front,F,Main,0.0499925501645,Volt DC,1,T,4W,F,F,11/17/2025,12:45:13,.648125380
84,-0.02986000478268,Amp DC,1,5.5,F,F,F,F,F,F,Front,F,Main,0.0499921999872,Volt DC,1,T,4W,F,F,11/17/2025,12:45:13,.730712600
85,-0.0298628937453,Amp DC,1,5.5,F,F,F,F,F,F,Front,F,Main,0.0499921925366,Volt DC,1,T,4W,F,F,11/17/2025,12:45:13,.813303300
86,-0.02986520901322,Amp DC,1,5.5,F,F,F,F,F,F,Front,F,Main,0.0499922968447,Volt DC,1,T,4W,F,F,11/17/2025,12:45:13,.895898400
87,-0.02986638620496,Amp DC,1,5.5,F,F,F,F,F,F,Front,F,Main,0.0499925576150,Volt DC,1,T,4W,F,F,11/17/2025,12:45:13,.978486060
88,-0.02986927144229,Amp DC,1,5.5,F,F,F,F,F,F,Front,F,Main,0.0499928817153,Volt DC,1,T,4W,F,F,11/17/2025,12:45:14,.061072740
89,-0.02986984699965,Amp DC,1,5.5,F,F,F,F,F,F,Front,F,Main,0.0499924197793,Volt DC,1,T,4W,F,F,11/17/2025,12:45:14,.143661620
90,-0.02987042069435,Amp DC,1,5.5,F,F,F,F,F,F,Front,F,Main,0.0499929748476,Volt DC,1,T,4W,F,F,11/17/2025,12:45:14,.226249900
91,-0.02987215667963,Amp DC,1,5.5,F,F,F,F,F,F,Front,F,Main,0.0499924048781,Volt DC,1,T,4W,F,F,11/17/2025,12:45:14,.308847180
92,-0.02987447194755,Amp DC,1,5.5,F,F,F,F,F,F,Front,F,Main,0.0499926246703,Volt DC,1,T,4W,F,F,11/17/2025,12:45:14,.391436360
93,-0.02987332269549,Amp DC,1,5.5,F,F,F,F,F,F,Front,F,Main,0.0499925315380,Volt DC,1,T,4W,F,F,11/17/2025,12:45:14,.474024780
94,-0.02987505868077,Amp DC,1,5.5,F,F,F,F,F,F,Front,F,Main,0.0499927550554,Volt DC,1,T,4W,F,F,11/17/2025,12:45:14,.556612600
95,-0.02987680211663,Amp DC,1,5.5,F,F,F,F,F,F,Front,F,Main,0.0499927625060,Volt DC,1,T,4W,F,F,11/17/2025,12:45:14,.639201640
96,-0.02987563610077,Amp DC,1,5.5,F,F,F,F,F,F,Front,F,Main,0.0499932095408,Volt DC,1,T,4W,F,F,11/17/2025,12:45:14,.721791520
97,-0.02987738326192,Amp DC,1,5.5,F,F,F,F,F,F,Front,F,Main,0.0499927699566,Volt DC,1,T,4W,F,F,11/17/2025,12:45:14,.804380580
98,-0.02987737581134,Amp DC,1,5.5,F,F,F,F,F,F,Front,F,Main,0.0499928705394,Volt DC,1,T,4W,F,F,11/17/2025,12:45:14,.886977660
99,-0.02987737953663,Amp DC,1,5.5,F,F,F,F,F,F,Front,F,Main,0.0499923042953,Volt DC,1,T,4W,F,F,11/17/2025,12:45:14,.969567600
100,-0.02987796068192,Amp DC,1,5.5,F,F,F,F,F,F,Front,F,Main,0.0499925352633,Volt DC,1,T,4W,F,F,11/17/2025,12:45:15,.052157440
101,-0.02987910248339,Amp DC,1,5.5,F,F,F,F,F,F,Front,F,Main,0.0499926209450,Volt DC,1,T,4W,F,F,11/17/2025,12:45:15,.134748440
102,-0.02988141775131,Amp DC,1,5.5,F,F,F,F,F,F,Front,F,Main,0.0499922744930,Volt DC,1,T,4W,F,F,11/17/2025,12:45:15,.217339780
103,-0.02988027408719,Amp DC,1,5.5,F,F,F,F,F,F,Front,F,Main,0.0499928705394,Volt DC,1,T,4W,F,F,11/17/2025,12:45:15,.299936940
104,-0.02988086268306,Amp DC,1,5.5,F,F,F,F,F,F,Front,F,Main,0.0499934554100,Volt DC,1,T,4W,F,F,11/17/2025,12:45:15,.382525420
105,-0.0298791192472,Amp DC,1,5.5,F,F,F,F,F,F,Front,F,Main,0.0499932207167,Volt DC,1,T,4W,F,F,11/17/2025,12:45:15,.465114320
106,-0.02988201752305,Amp DC,1,5.5,F,F,F,F,F,F,Front,F,Main,0.0499926507473,Volt DC,1,T,4W,F,F,11/17/2025,12:45:15,.547704260
107,-0.02988432906568,Amp DC,1,5.5,F,F,F,F,F,F,Front,F,Main,0.0499927550554,Volt DC,1,T,4W,F,F,11/17/2025,12:45:15,.630295780
108,-0.02988550066948,Amp DC,1,5.5,F,F,F,F,F,F,Front,F,Main,0.0499932318926,Volt DC,1,T,4W,F,F,11/17/2025,12:45:15,.712894940
109,-0.02988895773888,Amp DC,1,5.5,F,F,F,F,F,F,Front,F,Main,0.0499919466674,Volt DC,1,T,4W,F,F,11/17/2025,12:45:15,.795485060
110,-0.02988664992154,Amp DC,1,5.5,F,F,F,F,F,F,Front,F,Main,0.0499931052327,Volt DC,1,T,4W,F,F,11/17/2025,12:45:15,.878081100
111,-0.02988779172301,Amp DC,1,5.5,F,F,F,F,F,F,Front,F,Main,0.0499923899770,Volt DC,1,T,4W,F,F,11/17/2025,12:45:15,.960672440
112,-0.0298883933574,Amp DC,1,5.5,F,F,F,F,F,F,Front,F,Main,0.0499931052327,Volt DC,1,T,4W,F,F,11/17/2025,12:45:16,.043263360
113,-0.02988837659359,Amp DC,1,5.5,F,F,F,F,F,F,Front,F,Main,0.0499926246703,Volt DC,1,T,4W,F,F,11/17/2025,12:45:16,.125852980
114,-0.02988604456186,Amp DC,1,5.5,F,F,F,F,F,F,Front,F,Main,0.0499929450452,Volt DC,1,T,4W,F,F,11/17/2025,12:45:16,.208442840
115,-0.02988721430302,Amp DC,1,5.5,F,F,F,F,F,F,Front,F,Main,0.0499925054610,Volt DC,1,T,4W,F,F,11/17/2025,12:45:16,.291042700
116,-0.02988432906568,Amp DC,1,5.5,F,F,F,F,F,F,Front,F,Main,0.0499928705394,Volt DC,1,T,4W,F,F,11/17/2025,12:45:16,.373632860
117,-0.02988549694419,Amp DC,1,5.5,F,F,F,F,F,F,Front,F,Main,0.0499927699566,Volt DC,1,T,4W,F,F,11/17/2025,12:45:16,.456222440
118,-0.02988549135625,Amp DC,1,5.5,F,F,F,F,F,F,Front,F,Main,0.0499934479594,Volt DC,1,T,4W,F,F,11/17/2025,12:45:16,.538816980
119,-0.02988202124834,Amp DC,1,5.5,F,F,F,F,F,F,Front,F,Main,0.0499927699566,Volt DC,1,T,4W,F,F,11/17/2025,12:45:16,.621407880
120,-0.02988202124834,Amp DC,1,5.5,F,F,F,F,F,F,Front,F,Main,0.0499926581979,Volt DC,1,T,4W,F,F,11/17/2025,12:45:16,.704006840
121,-0.02987970411777,Amp DC,1,5.5,F,F,F,F,F,F,Front,F,Main,0.0499931126833,Volt DC,1,T,4W,F,F,11/17/2025,12:45:16,.786597380
122,-0.02988083846867,Amp DC,1,5.5,F,F,F,F,F,F,Front,F,Main,0.0499927364290,Volt DC,1,T,4W,F,F,11/17/2025,12:45:16,.869186300
123,-0.02987910248339,Amp DC,1,5.5,F,F,F,F,F,F,Front,F,Main,0.0499928481877,Volt DC,1,T,4W,F,F,11/17/2025,12:45:16,.951776180
124,-0.02987505495548,Amp DC,1,5.5,F,F,F,F,F,F,Front,F,Main,0.0499930903316,Volt DC,1,T,4W,F,F,11/17/2025,12:45:17,.034365360
125,-0.02987564355135,Amp DC,1,5.5,F,F,F,F,F,F,Front,F,Main,0.0499929897487,Volt DC,1,T,4W,F,F,11/17/2025,12:45:17,.116963260
126,-0.02987332269549,Amp DC,1,5.5,F,F,F,F,F,F,Front,F,Main,0.0499926395714,Volt DC,1,T,4W,F,F,11/17/2025,12:45:17,.199553200
127,-0.02987213991582,Amp DC,1,5.5,F,F,F,F,F,F,Front,F,Main,0.0499924942851,Volt DC,1,T,4W,F,F,11/17/2025,12:45:17,.282144500
128,-0.02987099811435,Amp DC,1,5.5,F,F,F,F,F,F,Front,F,Main,0.0499926283956,Volt DC,1,T,4W,F,F,11/17/2025,12:45:17,.364736240
129,-0.02986868843436,Amp DC,1,5.5,F,F,F,F,F,F,Front,F,Main,0.0499926395714,Volt DC,1,T,4W,F,F,11/17/2025,12:45:17,.447323920
130,-0.02986520156264,Amp DC,1,5.5,F,F,F,F,F,F,Front,F,Main,0.0499930866063,Volt DC,1,T,4W,F,F,11/17/2025,12:45:17,.529919380
131,-0.02986114472151,Amp DC,1,5.5,F,F,F,F,F,F,Front,F,Main,0.0499925166368,Volt DC,1,T,4W,F,F,11/17/2025,12:45:17,.612506240
132,-0.02985710650682,Amp DC,1,5.5,F,F,F,F,F,F,Front,F,Main,0.0499927699566,Volt DC,1,T,4W,F,F,11/17/2025,12:45:17,.695091680
133,-0.02985014766455,Amp DC,1,5.5,F,F,F,F,F,F,Front,F,Main,0.0499931052327,Volt DC,1,T,4W,F,F,11/17/2025,12:45:17,.777699300
134,-0.02984898909926,Amp DC,1,5.5,F,F,F,F,F,F,Front,F,Main,0.0499919615686,Volt DC,1,T,4W,F,F,11/17/2025,12:45:17,.860305260
135,-0.02984435111284,Amp DC,1,5.5,F,F,F,F,F,F,Front,F,Main,0.0499925315380,Volt DC,1,T,4W,F,F,11/17/2025,12:45:17,.942909460
136,-0.02983740903437,Amp DC,1,5.5,F,F,F,F,F,F,Front,F,Main,0.0499932318926,Volt DC,1,T,4W,F,F,11/17/2025,12:45:18,.025517080
137,-0.02983508072793,Amp DC,1,5.5,F,F,F,F,F,F,Front,F,Main,0.0499934405088,Volt DC,1,T,4W,F,F,11/17/2025,12:45:18,.108123380
138,-0.02983334101737,Amp DC,1,5.5,F,F,F,F,F,F,Front,F,Main,0.0499928705394,Volt DC,1,T,4W,F,F,11/17/2025,12:45:18,.190725360
139,-0.02982755564153,Amp DC,1,5.5,F,F,F,F,F,F,Front,F,Main,0.0499932281673,Volt DC,1,T,4W,F,F,11/17/2025,12:45:18,.273329140
140,-0.02982406504452,Amp DC,1,5.5,F,F,F,F,F,F,Front,F,Main,0.0499925166368,Volt DC,1,T,4W,F,F,11/17/2025,12:45:18,.355934400
141,-0.02981769666076,Amp DC,1,5.5,F,F,F,F,F,F,Front,F,Main,0.0499932095408,Volt DC,1,T,4W,F,F,11/17/2025,12:45:18,.438538240
142,-0.02981422841549,Amp DC,1,5.5,F,F,F,F,F,F,Front,F,Main,0.0499923117459,Volt DC,1,T,4W,F,F,11/17/2025,12:45:18,.521139760
143,-0.02980958670378,Amp DC,1,5.5,F,F,F,F,F,F,Front,F,Main,0.0499926395714,Volt DC,1,T,4W,F,F,11/17/2025,12:45:18,.603742700
144,-0.0298032052815,Amp DC,1,5.5,F,F,F,F,F,F,Front,F,Main,0.0499922856688,Volt DC,1,T,4W,F,F,11/17/2025,12:45:18,.686343560
145,-0.02979742176831,Amp DC,1,5.5,F,F,F,F,F,F,Front,F,Main,0.0499923042953,Volt DC,1,T,4W,F,F,11/17/2025,12:45:18,.768943360
146,-0.02978873252869,Amp DC,1,5.5,F,F,F,F,F,F,Front,F,Main,0.0499934516847,Volt DC,1,T,4W,F,F,11/17/2025,12:45:18,.851543340
147,-0.02978524751961,Amp DC,1,5.5,F,F,F,F,F,F,Front,F,Main,0.0499921813607,Volt DC,1,T,4W,F,F,11/17/2025,12:45:18,.934140440
148,-0.02977829053998,Amp DC,1,5.5,F,F,F,F,F,F,Front,F,Main,0.0499928593636,Volt DC,1,T,4W,F,F,11/17/2025,12:45:19,.016737780
149,-0.02977018617094,Amp DC,1,5.5,F,F,F,F,F,F,Front,F,Main,0.0499926395714,Volt DC,1,T,4W,F,F,11/17/2025,12:45:19,.099333960
150,-0.02976264990866,Amp DC,1,5.5,F,F,F,F,F,F,Front,F,Main,0.0499925203621,Volt DC,1,T,4W,F,F,11/17/2025,12:45:19,.181928120
151,-0.02975222840905,Amp DC,1,5.5,F,F,F,F,F,F,Front,F,Main,0.0499935597181,Volt DC,1,T,4W,F,F,11/17/2025,12:45:19,.264520620
152,-0.02974526584148,Amp DC,1,5.5,F,F,F,F,F,F,Front,F,Main,0.0499924011528,Volt DC,1,T,4W,F,F,11/17/2025,12:45:19,.347122040
153,-0.02973540499806,Amp DC,1,5.5,F,F,F,F,F,F,Front,F,Main,0.0499938651919,Volt DC,1,T,4W,F,F,11/17/2025,12:45:19,.429711700
154,-0.02972615510225,Amp DC,1,5.5,F,F,F,F,F,F,Front,F,Main,0.0499931052327,Volt DC,1,T,4W,F,F,11/17/2025,12:45:19,.512301100
155,-0.02971977740526,Amp DC,1,5.5,F,F,F,F,F,F,Front,F,Main,0.0499924086034,Volt DC,1,T,4W,F,F,11/17/2025,12:45:19,.594887760
156,-0.0297076087445,Amp DC,1,5.5,F,F,F,F,F,F,Front,F,Main,0.0499932095408,Volt DC,1,T,4W,F,F,11/17/2025,12:45:19,.677495080
157,-0.02969775535166,Amp DC,1,5.5,F,F,F,F,F,F,Front,F,Main,0.0499930866063,Volt DC,1,T,4W,F,F,11/17/2025,12:45:19,.760109000
158,-0.02968847937882,Amp DC,1,5.5,F,F,F,F,F,F,Front,F,Main,0.0499929599464,Volt DC,1,T,4W,F,F,11/17/2025,12:45:19,.842714620
159,-0.02967574261129,Amp DC,1,5.5,F,F,F,F,F,F,Front,F,Main,0.0499927550554,Volt DC,1,T,4W,F,F,11/17/2025,12:45:19,.925318620
160,-0.02966705150902,Amp DC,1,5.5,F,F,F,F,F,F,Front,F,Main,0.0499933250248,Volt DC,1,T,4W,F,F,11/17/2025,12:45:20,.007919820
161,-0.02965488284826,Amp DC,1,5.5,F,F,F,F,F,F,Front,F,Main,0.0499930903316,Volt DC,1,T,4W,F,F,11/17/2025,12:45:20,.090520480
162,-0.02964272163808,Amp DC,1,5.5,F,F,F,F,F,F,Front,F,Main,0.0499925315380,Volt DC,1,T,4W,F,F,11/17/2025,12:45:20,.173127400
163,-0.02963228337467,Amp DC,1,5.5,F,F,F,F,F,F,Front,F,Main,0.0499928556383,Volt DC,1,T,4W,F,F,11/17/2025,12:45:20,.255723760
164,-0.02961894869804,Amp DC,1,5.5,F,F,F,F,F,F,Front,F,Main,0.0499932989478,Volt DC,1,T,4W,F,F,11/17/2025,12:45:20,.338318520
165,-0.02961084246635,Amp DC,1,5.5,F,F,F,F,F,F,Front,F,Main,0.0499934218824,Volt DC,1,T,4W,F,F,11/17/2025,12:45:20,.420921740
166,-0.02959983609617,Amp DC,1,5.5,F,F,F,F,F,F,Front,F,Main,0.0499926246703,Volt DC,1,T,4W,F,F,11/17/2025,12:45:20,.503514440
167,-0.02958477847278,Amp DC,1,5.5,F,F,F,F,F,F,Front,F,Main,0.0499934405088,Volt DC,1,T,4W,F,F,11/17/2025,12:45:20,.586111920
168,-0.02957551553845,Amp DC,1,5.5,F,F,F,F,F,F,Front,F,Main,0.0499934516847,Volt DC,1,T,4W,F,F,11/17/2025,12:45:20,.668699620
169,-0.0295679718256,Amp DC,1,5.5,F,F,F,F,F,F,Front,F,Main,0.0499933212996,Volt DC,1,T,4W,F,F,11/17/2025,12:45:20,.751286420
170,-0.02955464832485,Amp DC,1,5.5,F,F,F,F,F,F,Front,F,Main,0.0499933250248,Volt DC,1,T,4W,F,F,11/17/2025,12:45:20,.833894100
171,-0.02954595349729,Amp DC,1,5.5,F,F,F,F,F,F,Front,F,Main,0.0499933138490,Volt DC,1,T,4W,F,F,11/17/2025,12:45:20,.916499540
172,-0.02953552827239,Amp DC,1,5.5,F,F,F,F,F,F,Front,F,Main,0.0499930940568,Volt DC,1,T,4W,F,F,11/17/2025,12:45:20,.999111860
173,-0.02952450886369,Amp DC,1,5.5,F,F,F,F,F,F,Front,F,Main,0.0499928444624,Volt DC,1,T,4W,F,F,11/17/2025,12:45:21,.081715680
174,-0.02951466105878,Amp DC,1,5.5,F,F,F,F,F,F,Front,F,Main,0.0499936565757,Volt DC,1,T,4W,F,F,11/17/2025,12:45:21,.164319580
175,-0.02950423955917,Amp DC,1,5.5,F,F,F,F,F,F,Front,F,Main,0.0499934367836,Volt DC,1,T,4W,F,F,11/17/2025,12:45:21,.246920700
176,-0.02949379198253,Amp DC,1,5.5,F,F,F,F,F,F,Front,F,Main,0.0499928332865,Volt DC,1,T,4W,F,F,11/17/2025,12:45:21,.329520280
177,-0.02948105894029,Amp DC,1,5.5,F,F,F,F,F,F,Front,F,Main,0.0499929711223,Volt DC,1,T,4W,F,F,11/17/2025,12:45:21,.412126000
178,-0.02947121486068,Amp DC,1,5.5,F,F,F,F,F,F,Front,F,Main,0.0499930940568,Volt DC,1,T,4W,F,F,11/17/2025,12:45:21,.494721720
179,-0.02946367487311,Amp DC,1,5.5,F,F,F,F,F,F,Front,F,Main,0.0499935336411,Volt DC,1,T,4W,F,F,11/17/2025,12:45:21,.577315380
180,-0.02945035509765,Amp DC,1,5.5,F,F,F,F,F,F,Front,F,Main,0.0499929748476,Volt DC,1,T,4W,F,F,11/17/2025,12:45:21,.659908660
181,-0.02944108471274,Amp DC,1,5.5,F,F,F,F,F,F,Front,F,Main,0.0499927513301,Volt DC,1,T,4W,F,F,11/17/2025,12:45:21,.742499820
182,-0.02942891977727,Amp DC,1,5.5,F,F,F,F,F,F,Front,F,Main,0.0499928705394,Volt DC,1,T,4W,F,F,11/17/2025,12:45:21,.825098580
183,-0.0294167548418,Amp DC,1,5.5,F,F,F,F,F,F,Front,F,Main,0.0499932169914,Volt DC,1,T,4W,F,F,11/17/2025,12:45:21,.907687080
184,-0.02940632589161,Amp DC,1,5.5,F,F,F,F,F,F,Front,F,Main,0.0499934479594,Volt DC,1,T,4W,F,F,11/17/2025,12:45:21,.990293400
185,-0.02939820475876,Amp DC,1,5.5,F,F,F,F,F,F,Front,F,Main,0.0499933138490,Volt DC,1,T,4W,F,F,11/17/2025,12:45:22,.072898900
186,-0.02938602678478,Amp DC,1,5.5,F,F,F,F,F,F,Front,F,Main,0.0499932989478,Volt DC,1,T,4W,F,F,11/17/2025,12:45:22,.155502840
187,-0.02937849424779,Amp DC,1,5.5,F,F,F,F,F,F,Front,F,Main,0.0499928407371,Volt DC,1,T,4W,F,F,11/17/2025,12:45:22,.238115860
188,-0.02936344966292,Amp DC,1,5.5,F,F,F,F,F,F,Front,F,Main,0.0499929897487,Volt DC,1,T,4W,F,F,11/17/2025,12:45:22,.320716920
189,-0.02935707196593,Amp DC,1,5.5,F,F,F,F,F,F,Front,F,Main,0.0499933250248,Volt DC,1,T,4W,F,F,11/17/2025,12:45:22,.403318200
190,-0.02934606000781,Amp DC,1,5.5,F,F,F,F,F,F,Front,F,Main,0.0499934293330,Volt DC,1,T,4W,F,F,11/17/2025,12:45:22,.485918220
191,-0.0293367896229,Amp DC,1,5.5,F,F,F,F,F,F,Front,F,Main,0.0499934367836,Volt DC,1,T,4W,F,F,11/17/2025,12:45:22,.568515700
192,-0.02932520210743,Amp DC,1,5.5,F,F,F,F,F,F,Front,F,Main,0.0499936603010,Volt DC,1,T,4W,F,F,11/17/2025,12:45:22,.651120460
193,-0.02931651100516,Amp DC,1,5.5,F,F,F,F,F,F,Front,F,Main,0.0499933138490,Volt DC,1,T,4W,F,F,11/17/2025,12:45:22,.733715680
194,-0.02930608205497,Amp DC,1,5.5,F,F,F,F,F,F,Front,F,Main,0.0499932058156,Volt DC,1,T,4W,F,F,11/17/2025,12:45:22,.816307880
195,-0.02929796464741,Amp DC,1,5.5,F,F,F,F,F,F,Front,F,Main,0.0499934218824,Volt DC,1,T,4W,F,F,11/17/2025,12:45:22,.898901640
196,-0.0292881205678,Amp DC,1,5.5,F,F,F,F,F,F,Front,F,Main,0.0499936603010,Volt DC,1,T,4W,F,F,11/17/2025,12:45:22,.981492500
197,-0.02928232774138,Amp DC,1,5.5,F,F,F,F,F,F,Front,F,Main,0.0499930903316,Volt DC,1,T,4W,F,F,11/17/2025,12:45:23,.064091540
198,-0.02927305363119,Amp DC,1,5.5,F,F,F,F,F,F,Front,F,Main,0.0499929748476,Volt DC,1,T,4W,F,F,11/17/2025,12:45:23,.146680080
199,-0.02926610223949,Amp DC,1,5.5,F,F,F,F,F,F,Front,F,Main,0.0499924048781,Volt DC,1,T,4W,F,F,11/17/2025,12:45:23,.229275560
200,-0.02925682812929,Amp DC,1,5.5,F,F,F,F,F,F,Front,F,Main,0.0499922856688,Volt DC,1,T,4W,F,F,11/17/2025,12:45:23,.311884160
201,-0.01512060500681,Amp DC,1,5.5,F,F,F,F,F,F,Front,F,Main,0.0999779254198,Volt DC,1,T,4W,F,F,11/17/2025,12:45:33,.395909360
202,-0.01512234658003,Amp DC,1,5.5,F,F,F,F,F,F,Front,F,Main,0.0999778360128,Volt DC,1,T,4W,F,F,11/17/2025,12:45:33,.478524220
203,-0.01512640248984,Amp DC,1,5.5,F,F,F,F,F,F,Front,F,Main,0.0999772623181,Volt DC,1,T,4W,F,F,11/17/2025,12:45:33,.561129880
204,-0.01512814033777,Amp DC,1,5.5,F,F,F,F,F,F,Front,F,Main,0.0999772623181,Volt DC,1,T,4W,F,F,11/17/2025,12:45:33,.643736300
205,-0.01512871775776,Amp DC,1,5.5,F,F,F,F,F,F,Front,F,Main,0.0999773591757,Volt DC,1,T,4W,F,F,11/17/2025,12:45:33,.726341360
206,-0.01512929890305,Amp DC,1,5.5,F,F,F,F,F,F,Front,F,Main,0.0999777242541,Volt DC,1,T,4W,F,F,11/17/2025,12:45:33,.808946320
207,-0.01513219531626,Amp DC,1,5.5,F,F,F,F,F,F,Front,F,Main,0.0999769046903,Volt DC,1,T,4W,F,F,11/17/2025,12:45:33,.891560280
208,-0.01513567380607,Amp DC,1,5.5,F,F,F,F,F,F,Front,F,Main,0.0999770313501,Volt DC,1,T,4W,F,F,11/17/2025,12:45:33,.974166960
209,-0.01513566821814,Amp DC,1,5.5,F,F,F,F,F,F,Front,F,Main,0.0999776944518,Volt DC,1,T,4W,F,F,11/17/2025,12:45:34,.056773940
210,-0.01514088269323,Amp DC,1,5.5,F,F,F,F,F,F,Front,F,Main,0.0999777987599,Volt DC,1,T,4W,F,F,11/17/2025,12:45:34,.139389820
211,-0.01514494139701,Amp DC,1,5.5,F,F,F,F,F,F,Front,F,Main,0.0999765619636,Volt DC,1,T,4W,F,F,11/17/2025,12:45:34,.221996760
212,-0.01514378283173,Amp DC,1,5.5,F,F,F,F,F,F,Front,F,Main,0.0999771356583,Volt DC,1,T,4W,F,F,11/17/2025,12:45:34,.304603460
213,-0.01514957286417,Amp DC,1,5.5,F,F,F,F,F,F,Front,F,Main,0.0999774634838,Volt DC,1,T,4W,F,F,11/17/2025,12:45:34,.387210560
214,-0.01515247207135,Amp DC,1,5.5,F,F,F,F,F,F,Front,F,Main,0.0999771282077,Volt DC,1,T,4W,F,F,11/17/2025,12:45:34,.469820980
215,-0.01515768095851,Amp DC,1,5.5,F,F,F,F,F,F,Front,F,Main,0.0999773144722,Volt DC,1,T,4W,F,F,11/17/2025,12:45:34,.552438660
216,-0.01515941880643,Amp DC,1,5.5,F,F,F,F,F,F,Front,F,Main,0.0999770835042,Volt DC,1,T,4W,F,F,11/17/2025,12:45:34,.635046700
217,-0.01516406238079,Amp DC,1,5.5,F,F,F,F,F,F,Front,F,Main,0.0999772399664,Volt DC,1,T,4W,F,F,11/17/2025,12:45:34,.717636800
218,-0.01516580209136,Amp DC,1,5.5,F,F,F,F,F,F,Front,F,Main,0.0999774932861,Volt DC,1,T,4W,F,F,11/17/2025,12:45:34,.800226900
219,-0.01516985613853,Amp DC,1,5.5,F,F,F,F,F,F,Front,F,Main,0.0999767929316,Volt DC,1,T,4W,F,F,11/17/2025,12:45:34,.882817280
220,-0.01517332717776,Amp DC,1,5.5,F,F,F,F,F,F,Front,F,Main,0.0999773293734,Volt DC,1,T,4W,F,F,11/17/2025,12:45:34,.965416220
221,-0.01517506781965,Amp DC,1,5.5,F,F,F,F,F,F,Front,F,Main,0.0999771282077,Volt DC,1,T,4W,F,F,11/17/2025,12:45:35,.048008520
222,-0.01518028043211,Amp DC,1,5.5,F,F,F,F,F,F,Front,F,Main,0.0999769940972,Volt DC,1,T,4W,F,F,11/17/2025,12:45:35,.130600560
223,-0.01518144272268,Amp DC,1,5.5,F,F,F,F,F,F,Front,F,Main,0.0999767854810,Volt DC,1,T,4W,F,F,11/17/2025,12:45:35,.213193640
224,-0.01518722809851,Amp DC,1,5.5,F,F,F,F,F,F,Front,F,Main,0.0999766141176,Volt DC,1,T,4W,F,F,11/17/2025,12:45:35,.295786140
225,-0.01519012823701,Amp DC,1,5.5,F,F,F,F,F,F,Front,F,Main,0.0999767482281,Volt DC,1,T,4W,F,F,11/17/2025,12:45:35,.378380700
226,-0.01519245188683,Amp DC,1,5.5,F,F,F,F,F,F,Front,F,Main,0.0999767929316,Volt DC,1,T,4W,F,F,11/17/2025,12:45:35,.460980700
227,-0.01519476622343,Amp DC,1,5.5,F,F,F,F,F,F,Front,F,Main,0.0999769940972,Volt DC,1,T,4W,F,F,11/17/2025,12:45:35,.543574280
228,-0.01519767008722,Amp DC,1,5.5,F,F,F,F,F,F,Front,F,Main,0.0999775081873,Volt DC,1,T,4W,F,F,11/17/2025,12:45:35,.626170080
229,-0.01520171388984,Amp DC,1,5.5,F,F,F,F,F,F,Front,F,Main,0.0999773070216,Volt DC,1,T,4W,F,F,11/17/2025,12:45:35,.708764620
230,-0.01520228944719,Amp DC,1,5.5,F,F,F,F,F,F,Front,F,Main,0.0999770537019,Volt DC,1,T,4W,F,F,11/17/2025,12:45:35,.791359540
231,-0.01520461589098,Amp DC,1,5.5,F,F,F,F,F,F,Front,F,Main,0.0999772250652,Volt DC,1,T,4W,F,F,11/17/2025,12:45:35,.873953500
232,-0.0152069395408,Amp DC,1,5.5,F,F,F,F,F,F,Front,F,Main,0.0999772623181,Volt DC,1,T,4W,F,F,11/17/2025,12:45:35,.956557340
233,-0.01521215029061,Amp DC,1,5.5,F,F,F,F,F,F,Front,F,Main,0.0999773591757,Volt DC,1,T,4W,F,F,11/17/2025,12:45:36,.039154880
234,-0.01521504577249,Amp DC,1,5.5,F,F,F,F,F,F,Front,F,Main,0.0999768897891,Volt DC,1,T,4W,F,F,11/17/2025,12:45:36,.121753080
235,-0.01521562039852,Amp DC,1,5.5,F,F,F,F,F,F,Front,F,Main,0.0999773144722,Volt DC,1,T,4W,F,F,11/17/2025,12:45:36,.204349880
236,-0.01521736010909,Amp DC,1,5.5,F,F,F,F,F,F,Front,F,Main,0.0999772101641,Volt DC,1,T,4W,F,F,11/17/2025,12:45:36,.286948840
237,-0.01521736849099,Amp DC,1,5.5,F,F,F,F,F,F,Front,F,Main,0.0999776124954,Volt DC,1,T,4W,F,F,11/17/2025,12:45:36,.369554140
238,-0.01522315852344,Amp DC,1,5.5,F,F,F,F,F,F,Front,F,Main,0.0999776944518,Volt DC,1,T,4W,F,F,11/17/2025,12:45:36,.452154600
239,-0.01522315014154,Amp DC,1,5.5,F,F,F,F,F,F,Front,F,Main,0.0999772846699,Volt DC,1,T,4W,F,F,11/17/2025,12:45:36,.534753160
240,-0.01522778533399,Amp DC,1,5.5,F,F,F,F,F,F,Front,F,Main,0.0999775156379,Volt DC,1,T,4W,F,F,11/17/2025,12:45:36,.617354580
241,-0.01522547099739,Amp DC,1,5.5,F,F,F,F,F,F,Front,F,Main,0.0999774336815,Volt DC,1,T,4W,F,F,11/17/2025,12:45:36,.699954560
242,-0.01522836927325,Amp DC,1,5.5,F,F,F,F,F,F,Front,F,Main,0.0999777764082,Volt DC,1,T,4W,F,F,11/17/2025,12:45:36,.782560200
243,-0.01522895507514,Amp DC,1,5.5,F,F,F,F,F,F,Front,F,Main,0.0999774858356,Volt DC,1,T,4W,F,F,11/17/2025,12:45:36,.865158880
244,-0.01522780023515,Amp DC,1,5.5,F,F,F,F,F,F,Front,F,Main,0.0999778360128,Volt DC,1,T,4W,F,F,11/17/2025,12:45:36,.947757020
245,-0.0152306901291,Amp DC,1,5.5,F,F,F,F,F,F,Front,F,Main,0.0999768897891,Volt DC,1,T,4W,F,F,11/17/2025,12:45:37,.030358220
246,-0.01523011364043,Amp DC,1,5.5,F,F,F,F,F,F,Front,F,Main,0.0999779403210,Volt DC,1,T,4W,F,F,11/17/2025,12:45:37,.112957440
247,-0.01523243170232,Amp DC,1,5.5,F,F,F,F,F,F,Front,F,Main,0.0999779403210,Volt DC,1,T,4W,F,F,11/17/2025,12:45:37,.195565260
248,-0.01523532159626,Amp DC,1,5.5,F,F,F,F,F,F,Front,F,Main,0.0999775454402,Volt DC,1,T,4W,F,F,11/17/2025,12:45:37,.278166460
249,-0.01523474045098,Amp DC,1,5.5,F,F,F,F,F,F,Front,F,Main,0.0999769717455,Volt DC,1,T,4W,F,F,11/17/2025,12:45:37,.360767420
250,-0.01523242983967,Amp DC,1,5.5,F,F,F,F,F,F,Front,F,Main,0.0999778062105,Volt DC,1,T,4W,F,F,11/17/2025,12:45:37,.443367280
251,-0.01523300539702,Amp DC,1,5.5,F,F,F,F,F,F,Front,F,Main,0.0999773293734,Volt DC,1,T,4W,F,F,11/17/2025,12:45:37,.525967900
252,-0.01523184683174,Amp DC,1,5.5,F,F,F,F,F,F,Front,F,Main,0.0999774485826,Volt DC,1,T,4W,F,F,11/17/2025,12:45:37,.608575840
253,-0.01523184496909,Amp DC,1,5.5,F,F,F,F,F,F,Front,F,Main,0.0999780073762,Volt DC,1,T,4W,F,F,11/17/2025,12:45:37,.691173880
254,-0.01523358002305,Amp DC,1,5.5,F,F,F,F,F,F,Front,F,Main,0.0999770760536,Volt DC,1,T,4W,F,F,11/17/2025,12:45:37,.773773860
255,-0.01523300912231,Amp DC,1,5.5,F,F,F,F,F,F,Front,F,Main,0.0999781563878,Volt DC,1,T,4W,F,F,11/17/2025,12:45:37,.856371920
256,-0.01523300725967,Amp DC,1,5.5,F,F,F,F,F,F,Front,F,Main,0.0999777987599,Volt DC,1,T,4W,F,F,11/17/2025,12:45:37,.938971340
257,-0.01523300539702,Amp DC,1,5.5,F,F,F,F,F,F,Front,F,Main,0.0999775603414,Volt DC,1,T,4W,F,F,11/17/2025,12:45:38,.021579880
258,-0.01523300260305,Amp DC,1,5.5,F,F,F,F,F,F,Front,F,Main,0.0999773144722,Volt DC,1,T,4W,F,F,11/17/2025,12:45:38,.104180860
259,-0.01523300260305,Amp DC,1,5.5,F,F,F,F,F,F,Front,F,Main,0.0999777689576,Volt DC,1,T,4W,F,F,11/17/2025,12:45:38,.186780660
260,-0.01523532625288,Amp DC,1,5.5,F,F,F,F,F,F,Front,F,Main,0.0999772399664,Volt DC,1,T,4W,F,F,11/17/2025,12:45:38,.269379520
261,-0.01523359306157,Amp DC,1,5.5,F,F,F,F,F,F,Front,F,Main,0.0999778360128,Volt DC,1,T,4W,F,F,11/17/2025,12:45:38,.351978620
262,-0.01523648481816,Amp DC,1,5.5,F,F,F,F,F,F,Front,F,Main,0.0999773591757,Volt DC,1,T,4W,F,F,11/17/2025,12:45:38,.434587740
263,-0.01523532345891,Amp DC,1,5.5,F,F,F,F,F,F,Front,F,Main,0.0999776721001,Volt DC,1,T,4W,F,F,11/17/2025,12:45:38,.517188840
264,-0.01523648481816,Amp DC,1,5.5,F,F,F,F,F,F,Front,F,Main,0.0999773591757,Volt DC,1,T,4W,F,F,11/17/2025,12:45:38,.599788980
265,-0.01523821707815,Amp DC,1,5.5,F,F,F,F,F,F,Front,F,Main,0.0999775454402,Volt DC,1,T,4W,F,F,11/17/2025,12:45:38,.682387940
266,-0.01523648668081,Amp DC,1,5.5,F,F,F,F,F,F,Front,F,Main,0.0999780520797,Volt DC,1,T,4W,F,F,11/17/2025,12:45:38,.764986020
267,-0.01523705758154,Amp DC,1,5.5,F,F,F,F,F,F,Front,F,Main,0.0999776497483,Volt DC,1,T,4W,F,F,11/17/2025,12:45:38,.847594140
268,-0.0152388010174,Amp DC,1,5.5,F,F,F,F,F,F,Front,F,Main,0.0999782457948,Volt DC,1,T,4W,F,F,11/17/2025,12:45:38,.930195820
269,-0.01523938495666,Amp DC,1,5.5,F,F,F,F,F,F,Front,F,Main,0.0999781638384,Volt DC,1,T,4W,F,F,11/17/2025,12:45:39,.012795560
270,-0.01524054259062,Amp DC,1,5.5,F,F,F,F,F,F,Front,F,Main,0.0999774709344,Volt DC,1,T,4W,F,F,11/17/2025,12:45:39,.095396800
271,-0.0152422785759,Amp DC,1,5.5,F,F,F,F,F,F,Front,F,Main,0.0999781414866,Volt DC,1,T,4W,F,F,11/17/2025,12:45:39,.177996560
272,-0.01524400338531,Amp DC,1,5.5,F,F,F,F,F,F,Front,F,Main,0.0999778360128,Volt DC,1,T,4W,F,F,11/17/2025,12:45:39,.260608080
273,-0.01524864882231,Amp DC,1,5.5,F,F,F,F,F,F,Front,F,Main,0.0999780073762,Volt DC,1,T,4W,F,F,11/17/2025,12:45:39,.343209680
274,-0.0152498120442,Amp DC,1,5.5,F,F,F,F,F,F,Front,F,Main,0.0999774634838,Volt DC,1,T,4W,F,F,11/17/2025,12:45:39,.425810520
275,-0.01525212451816,Amp DC,1,5.5,F,F,F,F,F,F,Front,F,Main,0.0999778881669,Volt DC,1,T,4W,F,F,11/17/2025,12:45:39,.508413040
276,-0.01525502279401,Amp DC,1,5.5,F,F,F,F,F,F,Front,F,Main,0.0999780148268,Volt DC,1,T,4W,F,F,11/17/2025,12:45:39,.591016580
277,-0.01525560766459,Amp DC,1,5.5,F,F,F,F,F,F,Front,F,Main,0.0999781638384,Volt DC,1,T,4W,F,F,11/17/2025,12:45:39,.673628140
278,-0.01526139769703,Amp DC,1,5.5,F,F,F,F,F,F,Front,F,Main,0.0999779105186,Volt DC,1,T,4W,F,F,11/17/2025,12:45:39,.756230800
279,-0.01526024565101,Amp DC,1,5.5,F,F,F,F,F,F,Front,F,Main,0.0999778360128,Volt DC,1,T,4W,F,F,11/17/2025,12:45:39,.838833980
280,-0.01526314113289,Amp DC,1,5.5,F,F,F,F,F,F,Front,F,Main,0.0999782755971,Volt DC,1,T,4W,F,F,11/17/2025,12:45:39,.921444100
281,-0.01527008973062,Amp DC,1,5.5,F,F,F,F,F,F,Front,F,Main,0.0999781563878,Volt DC,1,T,4W,F,F,11/17/2025,12:45:40,.004047720
282,-0.0152718257159,Amp DC,1,5.5,F,F,F,F,F,F,Front,F,Main,0.0999774485826,Volt DC,1,T,4W,F,F,11/17/2025,12:45:40,.086661240
283,-0.01527471933514,Amp DC,1,5.5,F,F,F,F,F,F,Front,F,Main,0.0999779999256,Volt DC,1,T,4W,F,F,11/17/2025,12:45:40,.169267980
284,-0.01527877338231,Amp DC,1,5.5,F,F,F,F,F,F,Front,F,Main,0.0999773070216,Volt DC,1,T,4W,F,F,11/17/2025,12:45:40,.251874280
285,-0.01528109796345,Amp DC,1,5.5,F,F,F,F,F,F,Front,F,Main,0.0999776944518,Volt DC,1,T,4W,F,F,11/17/2025,12:45:40,.334481000
286,-0.01528399903327,Amp DC,1,5.5,F,F,F,F,F,F,Front,F,Main,0.0999773666263,Volt DC,1,T,4W,F,F,11/17/2025,12:45:40,.417089340
287,-0.01528863236308,Amp DC,1,5.5,F,F,F,F,F,F,Front,F,Main,0.0999773591757,Volt DC,1,T,4W,F,F,11/17/2025,12:45:40,.499705420
288,-0.0152874737978,Amp DC,1,5.5,F,F,F,F,F,F,Front,F,Main,0.0999782755971,Volt DC,1,T,4W,F,F,11/17/2025,12:45:40,.582313900
289,-0.01529037207365,Amp DC,1,5.5,F,F,F,F,F,F,Front,F,Main,0.0999777168036,Volt DC,1,T,4W,F,F,11/17/2025,12:45:40,.664922380
290,-0.01529673393816,Amp DC,1,5.5,F,F,F,F,F,F,Front,F,Main,0.0999767333269,Volt DC,1,T,4W,F,F,11/17/2025,12:45:40,.747531820
291,-0.01529674325138,Amp DC,1,5.5,F,F,F,F,F,F,Front,F,Main,0.0999775752425,Volt DC,1,T,4W,F,F,11/17/2025,12:45:40,.830139020
292,-0.0153031097725,Amp DC,1,5.5,F,F,F,F,F,F,Front,F,Main,0.0999774336815,Volt DC,1,T,4W,F,F,11/17/2025,12:45:40,.912750440
293,-0.01530485320836,Amp DC,1,5.5,F,F,F,F,F,F,Front,F,Main,0.0999771207571,Volt DC,1,T,4W,F,F,11/17/2025,12:45:40,.995366700
294,-0.01530774962157,Amp DC,1,5.5,F,F,F,F,F,F,Front,F,Main,0.0999775677919,Volt DC,1,T,4W,F,F,11/17/2025,12:45:41,.077977760
295,-0.01531006675214,Amp DC,1,5.5,F,F,F,F,F,F,Front,F,Main,0.0999772250652,Volt DC,1,T,4W,F,F,11/17/2025,12:45:41,.160577380
296,-0.01531296037138,Amp DC,1,5.5,F,F,F,F,F,F,Front,F,Main,0.0999777689576,Volt DC,1,T,4W,F,F,11/17/2025,12:45:41,.243166280
297,-0.0153170209378,Amp DC,1,5.5,F,F,F,F,F,F,Front,F,Main,0.0999779105186,Volt DC,1,T,4W,F,F,11/17/2025,12:45:41,.325758780
298,-0.01531644631177,Amp DC,1,5.5,F,F,F,F,F,F,Front,F,Main,0.0999780595303,Volt DC,1,T,4W,F,F,11/17/2025,12:45:41,.408348740
299,-0.01531991921365,Amp DC,1,5.5,F,F,F,F,F,F,Front,F,Main,0.0999779254198,Volt DC,1,T,4W,F,F,11/17/2025,12:45:41,.490939200
300,-0.0153216579929,Amp DC,1,5.5,F,F,F,F,F,F,Front,F,Main,0.0999780520797,Volt DC,1,T,4W,F,F,11/17/2025,12:45:41,.573528880
301,-0.01532744802535,Amp DC,1,5.5,F,F,F,F,F,F,Front,F,Main,0.0999775603414,Volt DC,1,T,4W,F,F,11/17/2025,12:45:41,.656120660
302,-0.01532744988799,Amp DC,1,5.5,F,F,F,F,F,F,Front,F,Main,0.0999776944518,Volt DC,1,T,4W,F,F,11/17/2025,12:45:41,.738720120
303,-0.01533208414912,Amp DC,1,5.5,F,F,F,F,F,F,Front,F,Main,0.0999783724546,Volt DC,1,T,4W,F,F,11/17/2025,12:45:41,.821310660
304,-0.01533498242497,Amp DC,1,5.5,F,F,F,F,F,F,Front,F,Main,0.0999776944518,Volt DC,1,T,4W,F,F,11/17/2025,12:45:41,.903905680
305,-0.01533730328083,Amp DC,1,5.5,F,F,F,F,F,F,Front,F,Main,0.0999779403210,Volt DC,1,T,4W,F,F,11/17/2025,12:45:41,.986498800
306,-0.01534019876271,Amp DC,1,5.5,F,F,F,F,F,F,Front,F,Main,0.0999771282077,Volt DC,1,T,4W,F,F,11/17/2025,12:45:42,.069092700
307,-0.01534425280988,Amp DC,1,5.5,F,F,F,F,F,F,Front,F,Main,0.0999770015478,Volt DC,1,T,4W,F,F,11/17/2025,12:45:42,.151693980
308,-0.01534541323781,Amp DC,1,5.5,F,F,F,F,F,F,Front,F,Main,0.0999772399664,Volt DC,1,T,4W,F,F,11/17/2025,12:45:42,.234288240
309,-0.01534947007895,Amp DC,1,5.5,F,F,F,F,F,F,Front,F,Main,0.0999782755971,Volt DC,1,T,4W,F,F,11/17/2025,12:45:42,.316883100
310,-0.01535526011139,Amp DC,1,5.5,F,F,F,F,F,F,Front,F,Main,0.0999773442745,Volt DC,1,T,4W,F,F,11/17/2025,12:45:42,.399480100
311,-0.01535873860121,Amp DC,1,5.5,F,F,F,F,F,F,Front,F,Main,0.0999779105186,Volt DC,1,T,4W,F,F,11/17/2025,12:45:42,.482077420
312,-0.01536105573177,Amp DC,1,5.5,F,F,F,F,F,F,Front,F,Main,0.0999775752425,Volt DC,1,T,4W,F,F,11/17/2025,12:45:42,.564681520
313,-0.01536394935101,Amp DC,1,5.5,F,F,F,F,F,F,Front,F,Main,0.0999775603414,Volt DC,1,T,4W,F,F,11/17/2025,12:45:42,.647279020
314,-0.0153680043295,Amp DC,1,5.5,F,F,F,F,F,F,Front,F,Main,0.0999778881669,Volt DC,1,T,4W,F,F,11/17/2025,12:45:42,.729876040
315,-0.01537264417857,Amp DC,1,5.5,F,F,F,F,F,F,Front,F,Main,0.0999771282077,Volt DC,1,T,4W,F,F,11/17/2025,12:45:42,.812474680
316,-0.01537552289665,Amp DC,1,5.5,F,F,F,F,F,F,Front,F,Main,0.0999774634838,Volt DC,1,T,4W,F,F,11/17/2025,12:45:42,.895074020
317,-0.01538248732686,Amp DC,1,5.5,F,F,F,F,F,F,Front,F,Main,0.0999777689576,Volt DC,1,T,4W,F,F,11/17/2025,12:45:42,.977681360
318,-0.01538422796875,Amp DC,1,5.5,F,F,F,F,F,F,Front,F,Main,0.0999772101641,Volt DC,1,T,4W,F,F,11/17/2025,12:45:43,.060287960
319,-0.01538769900799,Amp DC,1,5.5,F,F,F,F,F,F,Front,F,Main,0.0999772921205,Volt DC,1,T,4W,F,F,11/17/2025,12:45:43,.142888500
320,-0.01539060473442,Amp DC,1,5.5,F,F,F,F,F,F,Front,F,Main,0.0999772325158,Volt DC,1,T,4W,F,F,11/17/2025,12:45:43,.225490280
321,-0.01539697125554,Amp DC,1,5.5,F,F,F,F,F,F,Front,F,Main,0.0999777540565,Volt DC,1,T,4W,F,F,11/17/2025,12:45:43,.308094060
322,-0.01539987418801,Amp DC,1,5.5,F,F,F,F,F,F,Front,F,Main,0.0999776795506,Volt DC,1,T,4W,F,F,11/17/2025,12:45:43,.390705480
323,-0.0154021801427,Amp DC,1,5.5,F,F,F,F,F,F,Front,F,Main,0.0999777242541,Volt DC,1,T,4W,F,F,11/17/2025,12:45:43,.473307180
324,-0.01540508493781,Amp DC,1,5.5,F,F,F,F,F,F,Front,F,Main,0.0999783426523,Volt DC,1,T,4W,F,F,11/17/2025,12:45:43,.555916880
325,-0.0154126137495,Amp DC,1,5.5,F,F,F,F,F,F,Front,F,Main,0.0999771729112,Volt DC,1,T,4W,F,F,11/17/2025,12:45:43,.638520700
326,-0.01541203539819,Amp DC,1,5.5,F,F,F,F,F,F,Front,F,Main,0.0999773070216,Volt DC,1,T,4W,F,F,11/17/2025,12:45:43,.721124660
327,-0.01541725359857,Amp DC,1,5.5,F,F,F,F,F,F,Front,F,Main,0.0999769791961,Volt DC,1,T,4W,F,F,11/17/2025,12:45:43,.803738100
328,-0.01542305015028,Amp DC,1,5.5,F,F,F,F,F,F,Front,F,Main,0.0999775677919,Volt DC,1,T,4W,F,F,11/17/2025,12:45:43,.886345200
329,-0.0154247879982,Amp DC,1,5.5,F,F,F,F,F,F,Front,F,Main,0.0999782457948,Volt DC,1,T,4W,F,F,11/17/2025,12:45:43,.968950900
330,-0.01543000247329,Amp DC,1,5.5,F,F,F,F,F,F,Front,F,Main,0.0999776795506,Volt DC,1,T,4W,F,F,11/17/2025,12:45:44,.051556220
331,-0.01543000433594,Amp DC,1,5.5,F,F,F,F,F,F,Front,F,Main,0.0999777987599,Volt DC,1,T,4W,F,F,11/17/2025,12:45:44,.134164080
332,-0.01543521694839,Amp DC,1,5.5,F,F,F,F,F,F,Front,F,Main,0.0999780148268,Volt DC,1,T,4W,F,F,11/17/2025,12:45:44,.216778540
333,-0.01543868798763,Amp DC,1,5.5,F,F,F,F,F,F,Front,F,Main,0.0999779850245,Volt DC,1,T,4W,F,F,11/17/2025,12:45:44,.299386380
334,-0.01544159185141,Amp DC,1,5.5,F,F,F,F,F,F,Front,F,Main,0.0999777987599,Volt DC,1,T,4W,F,F,11/17/2025,12:45:44,.381994280
335,-0.01544448826462,Amp DC,1,5.5,F,F,F,F,F,F,Front,F,Main,0.0999775677919,Volt DC,1,T,4W,F,F,11/17/2025,12:45:44,.464601580
336,-0.01544622145593,Amp DC,1,5.5,F,F,F,F,F,F,Front,F,Main,0.0999775454402,Volt DC,1,T,4W,F,F,11/17/2025,12:45:44,.547213000
337,-0.01545201614499,Amp DC,1,5.5,F,F,F,F,F,F,Front,F,Main,0.0999778807163,Volt DC,1,T,4W,F,F,11/17/2025,12:45:44,.629831440
338,-0.01545259635895,Amp DC,1,5.5,F,F,F,F,F,F,Front,F,Main,0.0999775454402,Volt DC,1,T,4W,F,F,11/17/2025,12:45:44,.712441000
339,-0.0154531756416,Amp DC,1,5.5,F,F,F,F,F,F,Front,F,Main,0.0999774336815,Volt DC,1,T,4W,F,F,11/17/2025,12:45:44,.795050860
340,-0.01545607391745,Amp DC,1,5.5,F,F,F,F,F,F,Front,F,Main,0.0999778881669,Volt DC,1,T,4W,F,F,11/17/2025,12:45:44,.877671940
341,-0.01545954681933,Amp DC,1,5.5,F,F,F,F,F,F,Front,F,Main,0.0999777689576,Volt DC,1,T,4W,F,F,11/17/2025,12:45:44,.960261240
342,-0.01546244509518,Amp DC,1,5.5,F,F,F,F,F,F,Front,F,Main,0.0999778807163,Volt DC,1,T,4W,F,F,11/17/2025,12:45:45,.042859620
343,-0.01546417828649,Amp DC,1,5.5,F,F,F,F,F,F,Front,F,Main,0.0999777317047,Volt DC,1,T,4W,F,F,11/17/2025,12:45:45,.125450560
344,-0.01546650566161,Amp DC,1,5.5,F,F,F,F,F,F,Front,F,Main,0.0999776795506,Volt DC,1,T,4W,F,F,11/17/2025,12:45:45,.208040740
345,-0.01546708028764,Amp DC,1,5.5,F,F,F,F,F,F,Front,F,Main,0.0999774336815,Volt DC,1,T,4W,F,F,11/17/2025,12:45:45,.290633020
346,-0.0154670830816,Amp DC,1,5.5,F,F,F,F,F,F,Front,F,Main,0.0999780148268,Volt DC,1,T,4W,F,F,11/17/2025,12:45:45,.373223820
347,-0.01547113340348,Amp DC,1,5.5,F,F,F,F,F,F,Front,F,Main,0.0999777540565,Volt DC,1,T,4W,F,F,11/17/2025,12:45:45,.455824980
348,-0.01547461468726,Amp DC,1,5.5,F,F,F,F,F,F,Front,F,Main,0.0999773293734,Volt DC,1,T,4W,F,F,11/17/2025,12:45:45,.538418260
349,-0.01547345798463,Amp DC,1,5.5,F,F,F,F,F,F,Front,F,Main,0.0999782457948,Volt DC,1,T,4W,F,F,11/17/2025,12:45:45,.621009140
350,-0.01547809597105,Amp DC,1,5.5,F,F,F,F,F,F,Front,F,Main,0.0999780371785,Volt DC,1,T,4W,F,F,11/17/2025,12:45:45,.703602200
351,-0.01547867245972,Amp DC,1,5.5,F,F,F,F,F,F,Front,F,Main,0.0999777987599,Volt DC,1,T,4W,F,F,11/17/2025,12:45:45,.786195180
352,-0.01548272743821,Amp DC,1,5.5,F,F,F,F,F,F,Front,F,Main,0.0999776721001,Volt DC,1,T,4W,F,F,11/17/2025,12:45:45,.868795760
353,-0.01548388600349,Amp DC,1,5.5,F,F,F,F,F,F,Front,F,Main,0.0999775677919,Volt DC,1,T,4W,F,F,11/17/2025,12:45:45,.951387320
354,-0.01548677962273,Amp DC,1,5.5,F,F,F,F,F,F,Front,F,Main,0.0999776497483,Volt DC,1,T,4W,F,F,11/17/2025,12:45:46,.033983060
355,-0.01548967696726,Amp DC,1,5.5,F,F,F,F,F,F,Front,F,Main,0.0999771878123,Volt DC,1,T,4W,F,F,11/17/2025,12:45:46,.116578020
356,-0.01548851747066,Amp DC,1,5.5,F,F,F,F,F,F,Front,F,Main,0.0999774336815,Volt DC,1,T,4W,F,F,11/17/2025,12:45:46,.199171840
357,-0.01549256872386,Amp DC,1,5.5,F,F,F,F,F,F,Front,F,Main,0.0999772772193,Volt DC,1,T,4W,F,F,11/17/2025,12:45:46,.281777720
358,-0.01549431122839,Amp DC,1,5.5,F,F,F,F,F,F,Front,F,Main,0.0999777689576,Volt DC,1,T,4W,F,F,11/17/2025,12:45:46,.364376940
359,-0.01549604907632,Amp DC,1,5.5,F,F,F,F,F,F,Front,F,Main,0.0999776497483,Volt DC,1,T,4W,F,F,11/17/2025,12:45:46,.446973500
360,-0.01549778878689,Amp DC,1,5.5,F,F,F,F,F,F,Front,F,Main,0.0999774336815,Volt DC,1,T,4W,F,F,11/17/2025,12:45:46,.529567740
361,-0.01550242770463,Amp DC,1,5.5,F,F,F,F,F,F,Front,F,Main,0.0999773368239,Volt DC,1,T,4W,F,F,11/17/2025,12:45:46,.612163320
362,-0.0155012672767,Amp DC,1,5.5,F,F,F,F,F,F,Front,F,Main,0.0999783501029,Volt DC,1,T,4W,F,F,11/17/2025,12:45:46,.694767440
363,-0.01550184842199,Amp DC,1,5.5,F,F,F,F,F,F,Front,F,Main,0.0999779105186,Volt DC,1,T,4W,F,F,11/17/2025,12:45:46,.777363900
364,-0.01550300512463,Amp DC,1,5.5,F,F,F,F,F,F,Front,F,Main,0.0999779030681,Volt DC,1,T,4W,F,F,11/17/2025,12:45:46,.859961340
365,-0.01550300698727,Amp DC,1,5.5,F,F,F,F,F,F,Front,F,Main,0.0999779105186,Volt DC,1,T,4W,F,F,11/17/2025,12:45:46,.942556340
366,-0.01550474110991,Amp DC,1,5.5,F,F,F,F,F,F,Front,F,Main,0.0999779999256,Volt DC,1,T,4W,F,F,11/17/2025,12:45:47,.025153360
367,-0.01550416089594,Amp DC,1,5.5,F,F,F,F,F,F,Front,F,Main,0.0999778732657,Volt DC,1,T,4W,F,F,11/17/2025,12:45:47,.107757280
368,-0.01550474017859,Amp DC,1,5.5,F,F,F,F,F,F,Front,F,Main,0.0999780893326,Volt DC,1,T,4W,F,F,11/17/2025,12:45:47,.190351960
369,-0.01550590060651,Amp DC,1,5.5,F,F,F,F,F,F,Front,F,Main,0.0999781116843,Volt DC,1,T,4W,F,F,11/17/2025,12:45:47,.272947940
370,-0.01550706103444,Amp DC,1,5.5,F,F,F,F,F,F,Front,F,Main,0.0999778881669,Volt DC,1,T,4W,F,F,11/17/2025,12:45:47,.355545000
371,-0.01550648268312,Amp DC,1,5.5,F,F,F,F,F,F,Front,F,Main,0.0999774411321,Volt DC,1,T,4W,F,F,11/17/2025,12:45:47,.438142140
372,-0.01550821959972,Amp DC,1,5.5,F,F,F,F,F,F,Front,F,Main,0.0999777764082,Volt DC,1,T,4W,F,F,11/17/2025,12:45:47,.520747320
373,-0.0155070470646,Amp DC,1,5.5,F,F,F,F,F,F,Front,F,Main,0.0999772399664,Volt DC,1,T,4W,F,F,11/17/2025,12:45:47,.603344140
374,-0.01550589036196,Amp DC,1,5.5,F,F,F,F,F,F,Front,F,Main,0.0999775901437,Volt DC,1,T,4W,F,F,11/17/2025,12:45:47,.685941780
375,-0.01550530921668,Amp DC,1,5.5,F,F,F,F,F,F,Front,F,Main,0.0999779254198,Volt DC,1,T,4W,F,F,11/17/2025,12:45:47,.768539280
376,-0.01550358440727,Amp DC,1,5.5,F,F,F,F,F,F,Front,F,Main,0.0999775454402,Volt DC,1,T,4W,F,F,11/17/2025,12:45:47,.851136340
377,-0.01550358254462,Amp DC,1,5.5,F,F,F,F,F,F,Front,F,Main,0.0999770835042,Volt DC,1,T,4W,F,F,11/17/2025,12:45:47,.933741120
378,-0.01550416182727,Amp DC,1,5.5,F,F,F,F,F,F,Front,F,Main,0.0999779999256,Volt DC,1,T,4W,F,F,11/17/2025,12:45:48,.016338080
379,-0.01550416089594,Amp DC,1,5.5,F,F,F,F,F,F,Front,F,Main,0.0999774113297,Volt DC,1,T,4W,F,F,11/17/2025,12:45:48,.098940900
380,-0.01550300698727,Amp DC,1,5.5,F,F,F,F,F,F,Front,F,Main,0.0999774485826,Volt DC,1,T,4W,F,F,11/17/2025,12:45:48,.181537400
381,-0.01550300139934,Amp DC,1,5.5,F,F,F,F,F,F,Front,F,Main,0.0999782159925,Volt DC,1,T,4W,F,F,11/17/2025,12:45:48,.264133100
382,-0.01550416089594,Amp DC,1,5.5,F,F,F,F,F,F,Front,F,Main,0.0999775230885,Volt DC,1,T,4W,F,F,11/17/2025,12:45:48,.346728420
383,-0.01550126168877,Amp DC,1,5.5,F,F,F,F,F,F,Front,F,Main,0.0999780893326,Volt DC,1,T,4W,F,F,11/17/2025,12:45:48,.429328600
384,-0.01550242770463,Amp DC,1,5.5,F,F,F,F,F,F,Front,F,Main,0.0999784767628,Volt DC,1,T,4W,F,F,11/17/2025,12:45:48,.511924960
385,-0.01550068799406,Amp DC,1,5.5,F,F,F,F,F,F,Front,F,Main,0.0999779030681,Volt DC,1,T,4W,F,F,11/17/2025,12:45:48,.594519540
386,-0.01550126541406,Amp DC,1,5.5,F,F,F,F,F,F,Front,F,Main,0.0999785736203,Volt DC,1,T,4W,F,F,11/17/2025,12:45:48,.677114460
387,-0.01550241373479,Amp DC,1,5.5,F,F,F,F,F,F,Front,F,Main,0.0999773591757,Volt DC,1,T,4W,F,F,11/17/2025,12:45:48,.759711300
388,-0.01549952384084,Amp DC,1,5.5,F,F,F,F,F,F,Front,F,Main,0.0999775230885,Volt DC,1,T,4W,F,F,11/17/2025,12:45:48,.842305920
389,-0.01549779064953,Amp DC,1,5.5,F,F,F,F,F,F,Front,F,Main,0.0999775603414,Volt DC,1,T,4W,F,F,11/17/2025,12:45:48,.924910420
390,-0.01549836155027,Amp DC,1,5.5,F,F,F,F,F,F,Front,F,Main,0.0999772772193,Volt DC,1,T,4W,F,F,11/17/2025,12:45:49,.007505740
391,-0.01549604907632,Amp DC,1,5.5,F,F,F,F,F,F,Front,F,Main,0.0999771878123,Volt DC,1,T,4W,F,F,11/17/2025,12:45:49,.090101260
392,-0.0154937338084,Amp DC,1,5.5,F,F,F,F,F,F,Front,F,Main,0.0999772101641,Volt DC,1,T,4W,F,F,11/17/2025,12:45:49,.172696520
393,-0.01548852119595,Amp DC,1,5.5,F,F,F,F,F,F,Front,F,Main,0.0999775603414,Volt DC,1,T,4W,F,F,11/17/2025,12:45:49,.255290520
394,-0.01549083646387,Amp DC,1,5.5,F,F,F,F,F,F,Front,F,Main,0.0999773144722,Volt DC,1,T,4W,F,F,11/17/2025,12:45:49,.337893240
395,-0.0154885193333,Amp DC,1,5.5,F,F,F,F,F,F,Front,F,Main,0.0999775454402,Volt DC,1,T,4W,F,F,11/17/2025,12:45:49,.420487620
396,-0.01548620220274,Amp DC,1,5.5,F,F,F,F,F,F,Front,F,Main,0.0999776646495,Volt DC,1,T,4W,F,F,11/17/2025,12:45:49,.503080580
397,-0.01548330485821,Amp DC,1,5.5,F,F,F,F,F,F,Front,F,Main,0.0999776646495,Volt DC,1,T,4W,F,F,11/17/2025,12:45:49,.585673100
398,-0.01548330672085,Amp DC,1,5.5,F,F,F,F,F,F,Front,F,Main,0.0999774411321,Volt DC,1,T,4W,F,F,11/17/2025,12:45:49,.668267680
399,-0.01548098493367,Amp DC,1,5.5,F,F,F,F,F,F,Front,F,Main,0.0999775379896,Volt DC,1,T,4W,F,F,11/17/2025,12:45:49,.750868440
400,-0.01548040658236,Amp DC,1,5.5,F,F,F,F,F,F,Front,F,Main,0.0999775454402,Volt DC,1,T,4W,F,F,11/17/2025,12:45:49,.833468960
401,-0.00221097515896,Amp DC,1,5.5,F,F,F,F,F,F,Front,F,Main,0.1499978303909,Volt DC,1,T,4W,F,F,11/17/2025,12:45:59,.917496720
402,-0.002220246708021,Amp DC,1,5.5,F,F,F,F,F,F,Front,F,Main,0.1499993950129,Volt DC,1,T,4W,F,F,11/17/2025,12:46:00,.000111540
403,-0.002229516627267,Amp DC,1,5.5,F,F,F,F,F,F,Front,F,Main,0.1499985605478,Volt DC,1,T,4W,F,F,11/17/2025,12:46:00,.082720340
404,-0.002239365829155,Amp DC,1,5.5,F,F,F,F,F,F,Front,F,Main,0.1499985307455,Volt DC,1,T,4W,F,F,11/17/2025,12:46:00,.165328000
405,-0.002245740499347,Amp DC,1,5.5,F,F,F,F,F,F,Front,F,Main,0.1499986201525,Volt DC,1,T,4W,F,F,11/17/2025,12:46:00,.247935160
406,-0.00225385138765,Amp DC,1,5.5,F,F,F,F,F,F,Front,F,Main,0.1499987840652,Volt DC,1,T,4W,F,F,11/17/2025,12:46:00,.330546280
407,-0.002261962043121,Amp DC,1,5.5,F,F,F,F,F,F,Front,F,Main,0.1499984860420,Volt DC,1,T,4W,F,F,11/17/2025,12:46:00,.413165920
408,-0.002272391924635,Amp DC,1,5.5,F,F,F,F,F,F,Front,F,Main,0.1499987691641,Volt DC,1,T,4W,F,F,11/17/2025,12:46:00,.495759520
409,-0.002280504209921,Amp DC,1,5.5,F,F,F,F,F,F,Front,F,Main,0.1499988138676,Volt DC,1,T,4W,F,F,11/17/2025,12:46:00,.578351060
410,-0.002284559421241,Amp DC,1,5.5,F,F,F,F,F,F,Front,F,Main,0.1499990075827,Volt DC,1,T,4W,F,F,11/17/2025,12:46:00,.660943380
411,-0.002295568119735,Amp DC,1,5.5,F,F,F,F,F,F,Front,F,Main,0.1499985456467,Volt DC,1,T,4W,F,F,11/17/2025,12:46:00,.743539220
412,-0.00230020401068,Amp DC,1,5.5,F,F,F,F,F,F,Front,F,Main,0.1499988436699,Volt DC,1,T,4W,F,F,11/17/2025,12:46:00,.826139720
413,-0.00231063272804,Amp DC,1,5.5,F,F,F,F,F,F,Front,F,Main,0.1499990224838,Volt DC,1,T,4W,F,F,11/17/2025,12:46:00,.908735000
414,-0.002318164799362,Amp DC,1,5.5,F,F,F,F,F,F,Front,F,Main,0.1499990224838,Volt DC,1,T,4W,F,F,11/17/2025,12:46:00,.991332440
415,-0.002326276386157,Amp DC,1,5.5,F,F,F,F,F,F,Front,F,Main,0.1499991267920,Volt DC,1,T,4W,F,F,11/17/2025,12:46:01,.073929760
416,-0.002334967022762,Amp DC,1,5.5,F,F,F,F,F,F,Front,F,Main,0.1499985307455,Volt DC,1,T,4W,F,F,11/17/2025,12:46:01,.156528880
417,-0.002340760082006,Amp DC,1,5.5,F,F,F,F,F,F,Front,F,Main,0.1499977856874,Volt DC,1,T,4W,F,F,11/17/2025,12:46:01,.239139540
418,-0.002351190662012,Amp DC,1,5.5,F,F,F,F,F,F,Front,F,Main,0.1499978899956,Volt DC,1,T,4W,F,F,11/17/2025,12:46:01,.321741720
419,-0.002358722500503,Amp DC,1,5.5,F,F,F,F,F,F,Front,F,Main,0.1499982029200,Volt DC,1,T,4W,F,F,11/17/2025,12:46:01,.404344900
420,-0.002366834087297,Amp DC,1,5.5,F,F,F,F,F,F,Front,F,Main,0.1499980837107,Volt DC,1,T,4W,F,F,11/17/2025,12:46:01,.486948540
421,-0.002371469745412,Amp DC,1,5.5,F,F,F,F,F,F,Front,F,Main,0.1499985754490,Volt DC,1,T,4W,F,F,11/17/2025,12:46:01,.569553380
422,-0.002378422766924,Amp DC,1,5.5,F,F,F,F,F,F,Front,F,Main,0.1499981284142,Volt DC,1,T,4W,F,F,11/17/2025,12:46:01,.652167480
423,-0.002385375089943,Amp DC,1,5.5,F,F,F,F,F,F,Front,F,Main,0.1499978750944,Volt DC,1,T,4W,F,F,11/17/2025,12:46:01,.734776480
424,-0.002391748363152,Amp DC,1,5.5,F,F,F,F,F,F,Front,F,Main,0.1499978601933,Volt DC,1,T,4W,F,F,11/17/2025,12:46:01,.817386180
425,-0.002400438766927,Amp DC,1,5.5,F,F,F,F,F,F,Front,F,Main,0.1499982774258,Volt DC,1,T,4W,F,F,11/17/2025,12:46:01,.899997140
426,-0.002406233455986,Amp DC,1,5.5,F,F,F,F,F,F,Front,F,Main,0.1499986648560,Volt DC,1,T,4W,F,F,11/17/2025,12:46:01,.982608220
427,-0.002413765760139,Amp DC,1,5.5,F,F,F,F,F,F,Front,F,Main,0.1499982178211,Volt DC,1,T,4W,F,F,11/17/2025,12:46:02,.065228100
428,-0.002420139033347,Amp DC,1,5.5,F,F,F,F,F,F,Front,F,Main,0.1499990075827,Volt DC,1,T,4W,F,F,11/17/2025,12:46:02,.147819920
429,-0.002426513005048,Amp DC,1,5.5,F,F,F,F,F,F,Front,F,Main,0.1499984711409,Volt DC,1,T,4W,F,F,11/17/2025,12:46:02,.230415120
430,-0.002435782691464,Amp DC,1,5.5,F,F,F,F,F,F,Front,F,Main,0.1499985307455,Volt DC,1,T,4W,F,F,11/17/2025,12:46:02,.313008120
431,-0.002442735247314,Amp DC,1,5.5,F,F,F,F,F,F,Front,F,Main,0.1499981731176,Volt DC,1,T,4W,F,F,11/17/2025,12:46:02,.395601860
432,-0.002449108054861,Amp DC,1,5.5,F,F,F,F,F,F,Front,F,Main,0.1499983668327,Volt DC,1,T,4W,F,F,11/17/2025,12:46:02,.478205740
433,-0.002455482725054,Amp DC,1,5.5,F,F,F,F,F,F,Front,F,Main,0.1499979943037,Volt DC,1,T,4W,F,F,11/17/2025,12:46:02,.560807300
434,-0.002463014796376,Amp DC,1,5.5,F,F,F,F,F,F,Front,F,Main,0.1499986648560,Volt DC,1,T,4W,F,F,11/17/2025,12:46:02,.643405220
435,-0.002468229038641,Amp DC,1,5.5,F,F,F,F,F,F,Front,F,Main,0.1499980688095,Volt DC,1,T,4W,F,F,11/17/2025,12:46:02,.726004360
436,-0.00247518112883,Amp DC,1,5.5,F,F,F,F,F,F,Front,F,Main,0.1499987095594,Volt DC,1,T,4W,F,F,11/17/2025,12:46:02,.808603160
437,-0.002481555566192,Amp DC,1,5.5,F,F,F,F,F,F,Front,F,Main,0.1499979794025,Volt DC,1,T,4W,F,F,11/17/2025,12:46:02,.891210520
438,-0.0024879288394,Amp DC,1,5.5,F,F,F,F,F,F,Front,F,Main,0.1499988883734,Volt DC,1,T,4W,F,F,11/17/2025,12:46:02,.973818740
439,-0.002490825718269,Amp DC,1,5.5,F,F,F,F,F,F,Front,F,Main,0.1499985456467,Volt DC,1,T,4W,F,F,11/17/2025,12:46:03,.056420040
440,-0.002501255366951,Amp DC,1,5.5,F,F,F,F,F,F,Front,F,Main,0.1499978750944,Volt DC,1,T,4W,F,F,11/17/2025,12:46:03,.139023000
441,-0.002506470307708,Amp DC,1,5.5,F,F,F,F,F,F,Front,F,Main,0.1499989479780,Volt DC,1,T,4W,F,F,11/17/2025,12:46:03,.221629000
442,-0.002511104103178,Amp DC,1,5.5,F,F,F,F,F,F,Front,F,Main,0.1499983817339,Volt DC,1,T,4W,F,F,11/17/2025,12:46:03,.304242240
443,-0.002516319742426,Amp DC,1,5.5,F,F,F,F,F,F,Front,F,Main,0.1499980986118,Volt DC,1,T,4W,F,F,11/17/2025,12:46:03,.386847800
444,-0.002519796602428,Amp DC,1,5.5,F,F,F,F,F,F,Front,F,Main,0.1499983668327,Volt DC,1,T,4W,F,F,11/17/2025,12:46:03,.469453160
445,-0.002530803671107,Amp DC,1,5.5,F,F,F,F,F,F,Front,F,Main,0.1499979197979,Volt DC,1,T,4W,F,F,11/17/2025,12:46:03,.552059180
446,-0.002531383885071,Amp DC,1,5.5,F,F,F,F,F,F,Front,F,Main,0.1499977558851,Volt DC,1,T,4W,F,F,11/17/2025,12:46:03,.634667740
447,-0.002537177409977,Amp DC,1,5.5,F,F,F,F,F,F,Front,F,Main,0.1499977260828,Volt DC,1,T,4W,F,F,11/17/2025,12:46:03,.717283480
448,-0.002540074754506,Amp DC,1,5.5,F,F,F,F,F,F,Front,F,Main,0.1499982029200,Volt DC,1,T,4W,F,F,11/17/2025,12:46:03,.799891700
449,-0.002547027776018,Amp DC,1,5.5,F,F,F,F,F,F,Front,F,Main,0.1499985605478,Volt DC,1,T,4W,F,F,11/17/2025,12:46:03,.882501380
450,-0.002549924654886,Amp DC,1,5.5,F,F,F,F,F,F,Front,F,Main,0.1499980837107,Volt DC,1,T,4W,F,F,11/17/2025,12:46:03,.965111260
451,-0.002555139129981,Amp DC,1,5.5,F,F,F,F,F,F,Front,F,Main,0.1499985456467,Volt DC,1,T,4W,F,F,11/17/2025,12:46:04,.047721720
452,-0.002559195505455,Amp DC,1,5.5,F,F,F,F,F,F,Front,F,Main,0.1499988138676,Volt DC,1,T,4W,F,F,11/17/2025,12:46:04,.130341000
453,-0.002564409049228,Amp DC,1,5.5,F,F,F,F,F,F,Front,F,Main,0.1499981731176,Volt DC,1,T,4W,F,F,11/17/2025,12:46:04,.212931320
454,-0.002567885676399,Amp DC,1,5.5,F,F,F,F,F,F,Front,F,Main,0.1499978452921,Volt DC,1,T,4W,F,F,11/17/2025,12:46:04,.295522980
455,-0.002569044940174,Amp DC,1,5.5,F,F,F,F,F,F,Front,F,Main,0.1499982178211,Volt DC,1,T,4W,F,F,11/17/2025,12:46:04,.378116020
456,-0.002576577477157,Amp DC,1,5.5,F,F,F,F,F,F,Front,F,Main,0.1499981135130,Volt DC,1,T,4W,F,F,11/17/2025,12:46:04,.460708440
457,-0.002581213135272,Amp DC,1,5.5,F,F,F,F,F,F,Front,F,Main,0.1499990671873,Volt DC,1,T,4W,F,F,11/17/2025,12:46:04,.543309180
458,-0.002583529800177,Amp DC,1,5.5,F,F,F,F,F,F,Front,F,Main,0.1499983221292,Volt DC,1,T,4W,F,F,11/17/2025,12:46:04,.625903080
459,-0.002589323325083,Amp DC,1,5.5,F,F,F,F,F,F,Front,F,Main,0.1499982774258,Volt DC,1,T,4W,F,F,11/17/2025,12:46:04,.708498600
460,-0.002589902840555,Amp DC,1,5.5,F,F,F,F,F,F,Front,F,Main,0.1499982774258,Volt DC,1,T,4W,F,F,11/17/2025,12:46:04,.791093240
461,-0.002595697995275,Amp DC,1,5.5,F,F,F,F,F,F,Front,F,Main,0.1499992907047,Volt DC,1,T,4W,F,F,11/17/2025,12:46:04,.873688940
462,-0.002602070802823,Amp DC,1,5.5,F,F,F,F,F,F,Front,F,Main,0.1499989032745,Volt DC,1,T,4W,F,F,11/17/2025,12:46:04,.956291760
463,-0.002603229833767,Amp DC,1,5.5,F,F,F,F,F,F,Front,F,Main,0.1499987989664,Volt DC,1,T,4W,F,F,11/17/2025,12:46:05,.038888480
464,-0.002604389330372,Amp DC,1,5.5,F,F,F,F,F,F,Front,F,Main,0.1499984860420,Volt DC,1,T,4W,F,F,11/17/2025,12:46:05,.121492620
465,-0.002610181923956,Amp DC,1,5.5,F,F,F,F,F,F,Front,F,Main,0.1499986499548,Volt DC,1,T,4W,F,F,11/17/2025,12:46:05,.204090520
466,-0.002611920470372,Amp DC,1,5.5,F,F,F,F,F,F,Front,F,Main,0.1499986648560,Volt DC,1,T,4W,F,F,11/17/2025,12:46:05,.286688420
467,-0.002615976845846,Amp DC,1,5.5,F,F,F,F,F,F,Front,F,Main,0.1499985903502,Volt DC,1,T,4W,F,F,11/17/2025,12:46:05,.369293420
468,-0.002619452774525,Amp DC,1,5.5,F,F,F,F,F,F,Front,F,Main,0.1499986797571,Volt DC,1,T,4W,F,F,11/17/2025,12:46:05,.451894760
469,-0.002623508684337,Amp DC,1,5.5,F,F,F,F,F,F,Front,F,Main,0.1499984562397,Volt DC,1,T,4W,F,F,11/17/2025,12:46:05,.534493660
470,-0.002630459843203,Amp DC,1,5.5,F,F,F,F,F,F,Front,F,Main,0.1499983370304,Volt DC,1,T,4W,F,F,11/17/2025,12:46:05,.617092440
471,-0.002628723392263,Amp DC,1,5.5,F,F,F,F,F,F,Front,F,Main,0.1499989032745,Volt DC,1,T,4W,F,F,11/17/2025,12:46:05,.699692000
472,-0.002632778836414,Amp DC,1,5.5,F,F,F,F,F,F,Front,F,Main,0.1499990075827,Volt DC,1,T,4W,F,F,11/17/2025,12:46:05,.782299700
473,-0.002636834513396,Amp DC,1,5.5,F,F,F,F,F,F,Front,F,Main,0.1499994546175,Volt DC,1,T,4W,F,F,11/17/2025,12:46:05,.864899000
474,-0.002641469240189,Amp DC,1,5.5,F,F,F,F,F,F,Front,F,Main,0.1499989777803,Volt DC,1,T,4W,F,F,11/17/2025,12:46:05,.947500140
475,-0.002643786370754,Amp DC,1,5.5,F,F,F,F,F,F,Front,F,Main,0.1499983817339,Volt DC,1,T,4W,F,F,11/17/2025,12:46:06,.030104280
476,-0.002649002010003,Amp DC,1,5.5,F,F,F,F,F,F,Front,F,Main,0.1499985456467,Volt DC,1,T,4W,F,F,11/17/2025,12:46:06,.112706260
477,-0.002651320071891,Amp DC,1,5.5,F,F,F,F,F,F,Front,F,Main,0.1499989032745,Volt DC,1,T,4W,F,F,11/17/2025,12:46:06,.195316080
478,-0.00265827216208,Amp DC,1,5.5,F,F,F,F,F,F,Front,F,Main,0.1499988734722,Volt DC,1,T,4W,F,F,11/17/2025,12:46:06,.277918760
479,-0.00265827216208,Amp DC,1,5.5,F,F,F,F,F,F,Front,F,Main,0.1499996781349,Volt DC,1,T,4W,F,F,11/17/2025,12:46:06,.360524980
480,-0.002662908518687,Amp DC,1,5.5,F,F,F,F,F,F,Front,F,Main,0.1499997526407,Volt DC,1,T,4W,F,F,11/17/2025,12:46:06,.443129180
481,-0.002666384447366,Amp DC,1,5.5,F,F,F,F,F,F,Front,F,Main,0.1499992609024,Volt DC,1,T,4W,F,F,11/17/2025,12:46:06,.525734320
482,-0.002669860143214,Amp DC,1,5.5,F,F,F,F,F,F,Front,F,Main,0.1499988734722,Volt DC,1,T,4W,F,F,11/17/2025,12:46:06,.608349120
483,-0.002672177739441,Amp DC,1,5.5,F,F,F,F,F,F,Front,F,Main,0.1499996632338,Volt DC,1,T,4W,F,F,11/17/2025,12:46:06,.690953980
484,-0.002676233416423,Amp DC,1,5.5,F,F,F,F,F,F,Front,F,Main,0.1499997824430,Volt DC,1,T,4W,F,F,11/17/2025,12:46:06,.773559780
485,-0.002680290024728,Amp DC,1,5.5,F,F,F,F,F,F,Front,F,Main,0.1499991267920,Volt DC,1,T,4W,F,F,11/17/2025,12:46:06,.856165100
486,-0.002682607620955,Amp DC,1,5.5,F,F,F,F,F,F,Front,F,Main,0.1499990224838,Volt DC,1,T,4W,F,F,11/17/2025,12:46:06,.938772600
487,-0.002686663996428,Amp DC,1,5.5,F,F,F,F,F,F,Front,F,Main,0.1499990522861,Volt DC,1,T,4W,F,F,11/17/2025,12:46:07,.021388200
488,-0.002690718509257,Amp DC,1,5.5,F,F,F,F,F,F,Front,F,Main,0.1499982923269,Volt DC,1,T,4W,F,F,11/17/2025,12:46:07,.103996120
489,-0.002691878005862,Amp DC,1,5.5,F,F,F,F,F,F,Front,F,Main,0.1499982178211,Volt DC,1,T,4W,F,F,11/17/2025,12:46:07,.186603460
490,-0.002697092015296,Amp DC,1,5.5,F,F,F,F,F,F,Front,F,Main,0.1499992311001,Volt DC,1,T,4W,F,F,11/17/2025,12:46:07,.269211880
491,-0.002699988894165,Amp DC,1,5.5,F,F,F,F,F,F,Front,F,Main,0.1499985158443,Volt DC,1,T,4W,F,F,11/17/2025,12:46:07,.351821080
492,-0.00270114839077,Amp DC,1,5.5,F,F,F,F,F,F,Front,F,Main,0.1499989032745,Volt DC,1,T,4W,F,F,11/17/2025,12:46:07,.434439040
493,-0.002705783117563,Amp DC,1,5.5,F,F,F,F,F,F,Front,F,Main,0.1499985456467,Volt DC,1,T,4W,F,F,11/17/2025,12:46:07,.517050540
494,-0.002710418775678,Amp DC,1,5.5,F,F,F,F,F,F,Front,F,Main,0.1499987840652,Volt DC,1,T,4W,F,F,11/17/2025,12:46:07,.599661200
495,-0.002713314956054,Amp DC,1,5.5,F,F,F,F,F,F,Front,F,Main,0.1499985158443,Volt DC,1,T,4W,F,F,11/17/2025,12:46:07,.682259160
496,-0.002713894937187,Amp DC,1,5.5,F,F,F,F,F,F,Front,F,Main,0.1499999314547,Volt DC,1,T,4W,F,F,11/17/2025,12:46:07,.764848200
497,-0.002717369701713,Amp DC,1,5.5,F,F,F,F,F,F,Front,F,Main,0.1499993652105,Volt DC,1,T,4W,F,F,11/17/2025,12:46:07,.847438540
498,-0.002718527801335,Amp DC,1,5.5,F,F,F,F,F,F,Front,F,Main,0.1499994397163,Volt DC,1,T,4W,F,F,11/17/2025,12:46:07,.930029300
499,-0.002720267977566,Amp DC,1,5.5,F,F,F,F,F,F,Front,F,Main,0.1499985158443,Volt DC,1,T,4W,F,F,11/17/2025,12:46:08,.012620600
500,-0.002723164390773,Amp DC,1,5.5,F,F,F,F,F,F,Front,F,Main,0.1499984860420,Volt DC,1,T,4W,F,F,11/17/2025,12:46:08,.095211760
501,-0.002726061502472,Amp DC,1,5.5,F,F,F,F,F,F,Front,F,Main,0.1499982774258,Volt DC,1,T,4W,F,F,11/17/2025,12:46:08,.177807500
502,-0.002726641716436,Amp DC,1,5.5,F,F,F,F,F,F,Front,F,Main,0.1499993503094,Volt DC,1,T,4W,F,F,11/17/2025,12:46:08,.260407800
503,-0.002730118110776,Amp DC,1,5.5,F,F,F,F,F,F,Front,F,Main,0.1499991267920,Volt DC,1,T,4W,F,F,11/17/2025,12:46:08,.343000920
504,-0.002733594505116,Amp DC,1,5.5,F,F,F,F,F,F,Front,F,Main,0.1499990075827,Volt DC,1,T,4W,F,F,11/17/2025,12:46:08,.425593820
505,-0.002735331887379,Amp DC,1,5.5,F,F,F,F,F,F,Front,F,Main,0.1499985009432,Volt DC,1,T,4W,F,F,11/17/2025,12:46:08,.508188160
506,-0.002738229231909,Amp DC,1,5.5,F,F,F,F,F,F,Front,F,Main,0.1499984115362,Volt DC,1,T,4W,F,F,11/17/2025,12:46:08,.590781540
507,-0.002739388495684,Amp DC,1,5.5,F,F,F,F,F,F,Front,F,Main,0.1499979794025,Volt DC,1,T,4W,F,F,11/17/2025,12:46:08,.673384840
508,-0.002742864657193,Amp DC,1,5.5,F,F,F,F,F,F,Front,F,Main,0.1499987691641,Volt DC,1,T,4W,F,F,11/17/2025,12:46:08,.755978920
509,-0.002744602737948,Amp DC,1,5.5,F,F,F,F,F,F,Front,F,Main,0.1499988734722,Volt DC,1,T,4W,F,F,11/17/2025,12:46:08,.838574780
510,-0.002748658880591,Amp DC,1,5.5,F,F,F,F,F,F,Front,F,Main,0.1499984413385,Volt DC,1,T,4W,F,F,11/17/2025,12:46:08,.921170620
511,-0.002750976011157,Amp DC,1,5.5,F,F,F,F,F,F,Front,F,Main,0.1499982923269,Volt DC,1,T,4W,F,F,11/17/2025,12:46:09,.003767340
512,-0.002752714091912,Amp DC,1,5.5,F,F,F,F,F,F,Front,F,Main,0.1499988585711,Volt DC,1,T,4W,F,F,11/17/2025,12:46:09,.086372180
513,-0.002757927635685,Amp DC,1,5.5,F,F,F,F,F,F,Front,F,Main,0.1499983370304,Volt DC,1,T,4W,F,F,11/17/2025,12:46:09,.168968280
514,-0.002757928101346,Amp DC,1,5.5,F,F,F,F,F,F,Front,F,Main,0.1499984711409,Volt DC,1,T,4W,F,F,11/17/2025,12:46:09,.251565460
515,-0.002760824980214,Amp DC,1,5.5,F,F,F,F,F,F,Front,F,Main,0.1499985754490,Volt DC,1,T,4W,F,F,11/17/2025,12:46:09,.334163680
516,-0.002766040386632,Amp DC,1,5.5,F,F,F,F,F,F,Front,F,Main,0.1499985158443,Volt DC,1,T,4W,F,F,11/17/2025,12:46:09,.416762940
517,-0.002766619669273,Amp DC,1,5.5,F,F,F,F,F,F,Front,F,Main,0.1499987542629,Volt DC,1,T,4W,F,F,11/17/2025,12:46:09,.499369260
518,-0.002772993640974,Amp DC,1,5.5,F,F,F,F,F,F,Front,F,Main,0.1499980986118,Volt DC,1,T,4W,F,F,11/17/2025,12:46:09,.581968760
519,-0.002772993640974,Amp DC,1,5.5,F,F,F,F,F,F,Front,F,Main,0.1499980837107,Volt DC,1,T,4W,F,F,11/17/2025,12:46:09,.664569540
520,-0.002776469336823,Amp DC,1,5.5,F,F,F,F,F,F,Front,F,Main,0.1499985009432,Volt DC,1,T,4W,F,F,11/17/2025,12:46:09,.747170020
521,-0.002779945498332,Amp DC,1,5.5,F,F,F,F,F,F,Front,F,Main,0.1499984860420,Volt DC,1,T,4W,F,F,11/17/2025,12:46:09,.829770100
522,-0.002784001873806,Amp DC,1,5.5,F,F,F,F,F,F,Front,F,Main,0.1499988585711,Volt DC,1,T,4W,F,F,11/17/2025,12:46:09,.912378960
523,-0.002786899218336,Amp DC,1,5.5,F,F,F,F,F,F,Front,F,Main,0.1499987691641,Volt DC,1,T,4W,F,F,11/17/2025,12:46:09,.994979580
524,-0.002791533945128,Amp DC,1,5.5,F,F,F,F,F,F,Front,F,Main,0.1499984115362,Volt DC,1,T,4W,F,F,11/17/2025,12:46:10,.077581800
525,-0.002793272025883,Amp DC,1,5.5,F,F,F,F,F,F,Front,F,Main,0.1499995291233,Volt DC,1,T,4W,F,F,11/17/2025,12:46:10,.160184800
526,-0.002798486500978,Amp DC,1,5.5,F,F,F,F,F,F,Front,F,Main,0.1499985158443,Volt DC,1,T,4W,F,F,11/17/2025,12:46:10,.242788080
527,-0.002800802700222,Amp DC,1,5.5,F,F,F,F,F,F,Front,F,Main,0.1499984264374,Volt DC,1,T,4W,F,F,11/17/2025,12:46:10,.325398400
528,-0.002804280258715,Amp DC,1,5.5,F,F,F,F,F,F,Front,F,Main,0.1499991714954,Volt DC,1,T,4W,F,F,11/17/2025,12:46:10,.408000840
529,-0.002807757118717,Amp DC,1,5.5,F,F,F,F,F,F,Front,F,Main,0.1499982774258,Volt DC,1,T,4W,F,F,11/17/2025,12:46:10,.490604760
530,-0.002811813028529,Amp DC,1,5.5,F,F,F,F,F,F,Front,F,Main,0.1499995440245,Volt DC,1,T,4W,F,F,11/17/2025,12:46:10,.573209760
531,-0.002817027503625,Amp DC,1,5.5,F,F,F,F,F,F,Front,F,Main,0.1499989777803,Volt DC,1,T,4W,F,F,11/17/2025,12:46:10,.655814420
532,-0.00282050203532,Amp DC,1,5.5,F,F,F,F,F,F,Front,F,Main,0.1499988585711,Volt DC,1,T,4W,F,F,11/17/2025,12:46:10,.738428300
533,-0.00282629719004,Amp DC,1,5.5,F,F,F,F,F,F,Front,F,Main,0.1499990522861,Volt DC,1,T,4W,F,F,11/17/2025,12:46:10,.821035580
534,-0.002829194767401,Amp DC,1,5.5,F,F,F,F,F,F,Front,F,Main,0.1499983966351,Volt DC,1,T,4W,F,F,11/17/2025,12:46:10,.903645200
535,-0.002833830192685,Amp DC,1,5.5,F,F,F,F,F,F,Front,F,Main,0.1499987393618,Volt DC,1,T,4W,F,F,11/17/2025,12:46:10,.986251440
536,-0.002837886335328,Amp DC,1,5.5,F,F,F,F,F,F,Front,F,Main,0.1499991118908,Volt DC,1,T,4W,F,F,11/17/2025,12:46:11,.068859820
537,-0.002842522459105,Amp DC,1,5.5,F,F,F,F,F,F,Front,F,Main,0.1499984711409,Volt DC,1,T,4W,F,F,11/17/2025,12:46:11,.151477200
538,-0.002848315052688,Amp DC,1,5.5,F,F,F,F,F,F,Front,F,Main,0.1499983966351,Volt DC,1,T,4W,F,F,11/17/2025,12:46:11,.234085780
539,-0.002852370962501,Amp DC,1,5.5,F,F,F,F,F,F,Front,F,Main,0.1499986350536,Volt DC,1,T,4W,F,F,11/17/2025,12:46:11,.316697060
540,-0.00285932328552,Amp DC,1,5.5,F,F,F,F,F,F,Front,F,Main,0.1499992907047,Volt DC,1,T,4W,F,F,11/17/2025,12:46:11,.399309140
541,-0.002865117508918,Amp DC,1,5.5,F,F,F,F,F,F,Front,F,Main,0.1499979346991,Volt DC,1,T,4W,F,F,11/17/2025,12:46:11,.481900900
542,-0.002871491713449,Amp DC,1,5.5,F,F,F,F,F,F,Front,F,Main,0.1499980986118,Volt DC,1,T,4W,F,F,11/17/2025,12:46:11,.564501380
543,-0.002874967874959,Amp DC,1,5.5,F,F,F,F,F,F,Front,F,Main,0.1499984115362,Volt DC,1,T,4W,F,F,11/17/2025,12:46:11,.647094640
544,-0.002881919965148,Amp DC,1,5.5,F,F,F,F,F,F,Front,F,Main,0.1499982774258,Volt DC,1,T,4W,F,F,11/17/2025,12:46:11,.729690300
545,-0.002887134905905,Amp DC,1,5.5,F,F,F,F,F,F,Front,F,Main,0.1499990820885,Volt DC,1,T,4W,F,F,11/17/2025,12:46:11,.812291500
546,-0.002892349381,Amp DC,1,5.5,F,F,F,F,F,F,Front,F,Main,0.1499982774258,Volt DC,1,T,4W,F,F,11/17/2025,12:46:11,.894887100
547,-0.002899302402511,Amp DC,1,5.5,F,F,F,F,F,F,Front,F,Main,0.1499988734722,Volt DC,1,T,4W,F,F,11/17/2025,12:46:11,.977491740
548,-0.00290567567572,Amp DC,1,5.5,F,F,F,F,F,F,Front,F,Main,0.1499983966351,Volt DC,1,T,4W,F,F,11/17/2025,12:46:12,.060089400
549,-0.002910890150815,Amp DC,1,5.5,F,F,F,F,F,F,Front,F,Main,0.1499986350536,Volt DC,1,T,4W,F,F,11/17/2025,12:46:12,.142686060
550,-0.00291552580893,Amp DC,1,5.5,F,F,F,F,F,F,Front,F,Main,0.1499989777803,Volt DC,1,T,4W,F,F,11/17/2025,12:46:12,.225284360
551,-0.002924216911197,Amp DC,1,5.5,F,F,F,F,F,F,Front,F,Main,0.1499982029200,Volt DC,1,T,4W,F,F,11/17/2025,12:46:12,.307885000
552,-0.002930589951575,Amp DC,1,5.5,F,F,F,F,F,F,Front,F,Main,0.1499979346991,Volt DC,1,T,4W,F,F,11/17/2025,12:46:12,.390494620
553,-0.002935803961009,Amp DC,1,5.5,F,F,F,F,F,F,Front,F,Main,0.1499987095594,Volt DC,1,T,4W,F,F,11/17/2025,12:46:12,.473095400
554,-0.00294333556667,Amp DC,1,5.5,F,F,F,F,F,F,Front,F,Main,0.1499984562397,Volt DC,1,T,4W,F,F,11/17/2025,12:46:12,.555698620
555,-0.002952027134597,Amp DC,1,5.5,F,F,F,F,F,F,Front,F,Main,0.1499979197979,Volt DC,1,T,4W,F,F,11/17/2025,12:46:12,.638303400
556,-0.002958401106298,Amp DC,1,5.5,F,F,F,F,F,F,Front,F,Main,0.1499983966351,Volt DC,1,T,4W,F,F,11/17/2025,12:46:12,.720907840
557,-0.002964195795357,Amp DC,1,5.5,F,F,F,F,F,F,Front,F,Main,0.1499983221292,Volt DC,1,T,4W,F,F,11/17/2025,12:46:12,.803520340
558,-0.002974044531584,Amp DC,1,5.5,F,F,F,F,F,F,Front,F,Main,0.1499988436699,Volt DC,1,T,4W,F,F,11/17/2025,12:46:12,.886127780
559,-0.002977521391585,Amp DC,1,5.5,F,F,F,F,F,F,Front,F,Main,0.1499993205070,Volt DC,1,T,4W,F,F,11/17/2025,12:46:12,.968734280
560,-0.002987370593473,Amp DC,1,5.5,F,F,F,F,F,F,Front,F,Main,0.1499990522861,Volt DC,1,T,4W,F,F,11/17/2025,12:46:13,.051344340
561,-0.002996641676873,Amp DC,1,5.5,F,F,F,F,F,F,Front,F,Main,0.1499980688095,Volt DC,1,T,4W,F,F,11/17/2025,12:46:13,.133953720
562,-0.003003593999892,Amp DC,1,5.5,F,F,F,F,F,F,Front,F,Main,0.1499989479780,Volt DC,1,T,4W,F,F,11/17/2025,12:46:13,.216572560
563,-0.003009387291968,Amp DC,1,5.5,F,F,F,F,F,F,Front,F,Main,0.1499981284142,Volt DC,1,T,4W,F,F,11/17/2025,12:46:13,.299184920
564,-0.003016920294613,Amp DC,1,5.5,F,F,F,F,F,F,Front,F,Main,0.1499975919724,Volt DC,1,T,4W,F,F,11/17/2025,12:46:13,.381778840
565,-0.003023873316124,Amp DC,1,5.5,F,F,F,F,F,F,Front,F,Main,0.1499985158443,Volt DC,1,T,4W,F,F,11/17/2025,12:46:13,.464373820
566,-0.003032564651221,Amp DC,1,5.5,F,F,F,F,F,F,Front,F,Main,0.1499988734722,Volt DC,1,T,4W,F,F,11/17/2025,12:46:13,.546967980
567,-0.003040675539523,Amp DC,1,5.5,F,F,F,F,F,F,Front,F,Main,0.1499989479780,Volt DC,1,T,4W,F,F,11/17/2025,12:46:13,.629571100
568,-0.003047627629712,Amp DC,1,5.5,F,F,F,F,F,F,Front,F,Main,0.1499983519316,Volt DC,1,T,4W,F,F,11/17/2025,12:46:13,.712167360
569,-0.003054580651224,Amp DC,1,5.5,F,F,F,F,F,F,Front,F,Main,0.1499982476234,Volt DC,1,T,4W,F,F,11/17/2025,12:46:13,.794764720
570,-0.003062111791223,Amp DC,1,5.5,F,F,F,F,F,F,Front,F,Main,0.1499980688095,Volt DC,1,T,4W,F,F,11/17/2025,12:46:13,.877363280
571,-0.00306906295009,Amp DC,1,5.5,F,F,F,F,F,F,Front,F,Main,0.1499979943037,Volt DC,1,T,4W,F,F,11/17/2025,12:46:13,.959965980
572,-0.003075437387452,Amp DC,1,5.5,F,F,F,F,F,F,Front,F,Main,0.1499980241060,Volt DC,1,T,4W,F,F,11/17/2025,12:46:14,.042575240
573,-0.003082970157266,Amp DC,1,5.5,F,F,F,F,F,F,Front,F,Main,0.1499984115362,Volt DC,1,T,4W,F,F,11/17/2025,12:46:14,.125177560
574,-0.003089343896136,Amp DC,1,5.5,F,F,F,F,F,F,Front,F,Main,0.1499985456467,Volt DC,1,T,4W,F,F,11/17/2025,12:46:14,.207781640
575,-0.003102091606706,Amp DC,1,5.5,F,F,F,F,F,F,Front,F,Main,0.1499982476234,Volt DC,1,T,4W,F,F,11/17/2025,12:46:14,.290385380
576,-0.003108464414254,Amp DC,1,5.5,F,F,F,F,F,F,Front,F,Main,0.1499976515770,Volt DC,1,T,4W,F,F,11/17/2025,12:46:14,.372992040
577,-0.003117154585198,Amp DC,1,5.5,F,F,F,F,F,F,Front,F,Main,0.1499987542629,Volt DC,1,T,4W,F,F,11/17/2025,12:46:14,.455605380
578,-0.003124687820673,Amp DC,1,5.5,F,F,F,F,F,F,Front,F,Main,0.1499984562397,Volt DC,1,T,4W,F,F,11/17/2025,12:46:14,.538212400
579,-0.003132218960673,Amp DC,1,5.5,F,F,F,F,F,F,Front,F,Main,0.1499985158443,Volt DC,1,T,4W,F,F,11/17/2025,12:46:14,.620822040
580,-0.003139752661809,Amp DC,1,5.5,F,F,F,F,F,F,Front,F,Main,0.1499983668327,Volt DC,1,T,4W,F,F,11/17/2025,12:46:14,.703431060
581,-0.003147864481434,Amp DC,1,5.5,F,F,F,F,F,F,Front,F,Main,0.1499986052513,Volt DC,1,T,4W,F,F,11/17/2025,12:46:14,.786040740
582,-0.003155975835398,Amp DC,1,5.5,F,F,F,F,F,F,Front,F,Main,0.1499981433153,Volt DC,1,T,4W,F,F,11/17/2025,12:46:14,.868652480
583,-0.00316003174521,Amp DC,1,5.5,F,F,F,F,F,F,Front,F,Main,0.1499974578619,Volt DC,1,T,4W,F,F,11/17/2025,12:46:14,.951244860
584,-0.003172197844833,Amp DC,1,5.5,F,F,F,F,F,F,Front,F,Main,0.1499982029200,Volt DC,1,T,4W,F,F,11/17/2025,12:46:15,.033837980
585,-0.003176834667102,Amp DC,1,5.5,F,F,F,F,F,F,Front,F,Main,0.1499989479780,Volt DC,1,T,4W,F,F,11/17/2025,12:46:15,.116430180
586,-0.003187263151631,Amp DC,1,5.5,F,F,F,F,F,F,Front,F,Main,0.1499987989664,Volt DC,1,T,4W,F,F,11/17/2025,12:46:15,.199026520
587,-0.003195374738425,Amp DC,1,5.5,F,F,F,F,F,F,Front,F,Main,0.1499992609024,Volt DC,1,T,4W,F,F,11/17/2025,12:46:15,.281632380
588,-0.003205223940313,Amp DC,1,5.5,F,F,F,F,F,F,Front,F,Main,0.1499978601933,Volt DC,1,T,4W,F,F,11/17/2025,12:46:15,.364231120
589,-0.003211018862203,Amp DC,1,5.5,F,F,F,F,F,F,Front,F,Main,0.1499990522861,Volt DC,1,T,4W,F,F,11/17/2025,12:46:15,.446829900
590,-0.003217971883714,Amp DC,1,5.5,F,F,F,F,F,F,Front,F,Main,0.1499985009432,Volt DC,1,T,4W,F,F,11/17/2025,12:46:15,.529429980
591,-0.003223765641451,Amp DC,1,5.5,F,F,F,F,F,F,Front,F,Main,0.1499982476234,Volt DC,1,T,4W,F,F,11/17/2025,12:46:15,.612031240
592,-0.00323419412598,Amp DC,1,5.5,F,F,F,F,F,F,Front,F,Main,0.1499984562397,Volt DC,1,T,4W,F,F,11/17/2025,12:46:15,.694640340
593,-0.003242885461077,Amp DC,1,5.5,F,F,F,F,F,F,Front,F,Main,0.1499981284142,Volt DC,1,T,4W,F,F,11/17/2025,12:46:15,.777244140
594,-0.003249838249758,Amp DC,1,5.5,F,F,F,F,F,F,Front,F,Main,0.1499977856874,Volt DC,1,T,4W,F,F,11/17/2025,12:46:15,.859849140
595,-0.003256790805608,Amp DC,1,5.5,F,F,F,F,F,F,Front,F,Main,0.1499977707863,Volt DC,1,T,4W,F,F,11/17/2025,12:46:15,.942453000
596,-0.0032643226441,Amp DC,1,5.5,F,F,F,F,F,F,Front,F,Main,0.1499978601933,Volt DC,1,T,4W,F,F,11/17/2025,12:46:16,.025061000
597,-0.00327185401693,Amp DC,1,5.5,F,F,F,F,F,F,Front,F,Main,0.1499982774258,Volt DC,1,T,4W,F,F,11/17/2025,12:46:16,.107669560
598,-0.003277068957686,Amp DC,1,5.5,F,F,F,F,F,F,Front,F,Main,0.1499973684549,Volt DC,1,T,4W,F,F,11/17/2025,12:46:16,.190277700
599,-0.003284601960331,Amp DC,1,5.5,F,F,F,F,F,F,Front,F,Main,0.1499978899956,Volt DC,1,T,4W,F,F,11/17/2025,12:46:16,.272887880
600,-0.003288078820333,Amp DC,1,5.5,F,F,F,F,F,F,Front,F,Main,0.1499981433153,Volt DC,1,T,4W,F,F,11/17/2025,12:46:16,.355506300
