time,temp_hot_side,temp_cold_side,temp_delta,hot_side_set_point,hot_side_pid_error,hot_side_duty_cycle,teg_oc_voltage,teg_current,
8680700,29.329967,23.750000,5.579967,29.200001,0.040066,0.962572,0.117488,0.000002264,
8680800,29.039984,23.750000,5.289984,29.200001,0.040066,0.962572,0.117407,0.000002248,
8680900,29.039984,24.250000,4.789984,29.200001,0.160017,0.866395,0.117416,0.000002241,
8681000,29.039984,24.250000,4.789984,29.200001,0.160017,0.866395,0.117259,0.000002195,
8681100,29.019993,24.250000,4.769993,29.200001,0.160017,0.866395,0.117314,0.000002305,
8681200,29.019993,24.250000,4.769993,29.200001,0.160017,0.866395,0.117316,0.000002259,
8681300,29.019993,24.250000,4.769993,29.200001,0.180008,0.850159,0.117587,0.000002258,
8681400,28.884996,24.250000,4.634996,29.200001,0.180008,0.850159,0.117672,0.000002342,
8681500,28.884996,24.250000,4.634996,29.200001,0.180008,0.850159,0.117710,0.000002304,
8681600,28.884996,24.250000,4.634996,29.200001,0.180008,0.850159,0.117621,0.000002417,
8681700,29.067497,24.250000,4.817497,29.200001,0.315004,0.741736,0.117764,0.000002379,
8681800,29.067497,24.250000,4.817497,29.200001,0.315004,0.741736,0.118003,0.000002369,
8681900,29.067497,24.250000,4.817497,29.200001,0.315004,0.741736,0.117860,0.000002317,
8682000,29.158749,24.250000,4.908749,29.200001,0.315004,0.741736,0.117805,0.000002281,
8682100,29.158749,23.750000,5.408749,29.200001,0.041252,0.960683,0.117988,0.000002371,
8682200,29.158749,23.750000,5.408749,29.200001,0.041252,0.960683,0.117861,0.000002413,
8682300,28.829374,23.750000,5.079374,29.200001,0.041252,0.960683,0.117564,0.000002365,
8682400,28.829374,24.250000,4.579374,29.200001,0.041252,0.960683,0.117481,0.000002364,
8682500,28.829374,24.250000,4.579374,29.200001,0.370626,0.696683,0.117510,0.000002350,
8682600,29.039688,24.250000,4.789688,29.200001,0.370626,0.696683,0.117213,0.000002349,
8682700,29.039688,24.250000,4.789688,29.200001,0.370626,0.696683,0.117296,0.000002345,
8682800,29.039688,24.250000,4.789688,29.200001,0.370626,0.696683,0.117285,0.000002397,
8682900,29.144844,24.250000,4.894844,29.200001,0.160313,0.864717,0.117253,0.000002331,
8683000,29.144844,24.000000,5.144844,29.200001,0.160313,0.864717,0.117141,0.000002295,
8683100,29.144844,24.000000,5.144844,29.200001,0.160313,0.864717,0.116830,0.000002314,
8683200,29.197422,24.000000,5.197422,29.200001,0.160313,0.864717,0.116887,0.000002295,
8683300,29.197422,24.000000,5.197422,29.200001,0.002579,0.990901,0.116727,0.000002337,
8683400,29.197422,24.000000,5.197422,29.200001,0.002579,0.990901,0.116988,0.000002339,
8683500,29.098711,24.000000,5.098711,29.200001,0.002579,0.990901,0.117263,0.000002284,
8683600,29.098711,24.250000,4.848711,29.200001,0.002579,0.990901,0.117222,0.000002316,
8683700,29.098711,24.250000,4.848711,29.200001,0.101290,0.911795,0.117278,0.000002374,
8683800,29.174355,24.250000,4.924355,29.200001,0.101290,0.911795,0.117158,0.000002365,
8683900,29.174355,24.250000,4.924355,29.200001,0.101290,0.911795,0.116931,0.000002285,
8684000,29.174355,24.250000,4.924355,29.200001,0.101290,0.911795,0.116998,0.000002266,
8684100,29.212177,24.250000,4.962177,29.200001,0.025646,0.972276,0.117020,0.000002247,
8684200,29.212177,24.250000,4.962177,29.200001,0.025646,0.972276,0.117151,0.000002269,
8684300,29.212177,24.250000,4.962177,29.200001,0.025646,0.972276,0.117009,0.000002305,
8684400,29.231089,24.250000,4.981089,29.200001,0.025646,0.972276,0.117206,0.000002304,
8684500,29.231089,23.750000,5.481089,29.200001,-0.031088,1.000000,0.117438,0.000002276,
8684600,29.231089,23.750000,5.481089,29.200001,-0.031088,1.000000,0.117898,0.000002300,
8684700,28.990543,23.750000,5.240543,29.200001,-0.031088,1.000000,0.117473,0.000002286,
8684800,28.990543,24.250000,4.740543,29.200001,-0.031088,1.000000,0.117473,0.000002268,
8684900,28.990543,24.250000,4.740543,29.200001,0.209457,0.824986,0.117516,0.000002290,
8685000,28.995272,24.250000,4.745272,29.200001,0.209457,0.824986,0.117294,0.000002398,
8685100,28.995272,24.000000,4.995272,29.200001,0.209457,0.824986,0.117625,0.000002434,
8685200,28.995272,24.000000,4.995272,29.200001,0.209457,0.824986,0.117566,0.000002384,
8685300,29.122635,24.000000,5.122635,29.200001,0.204729,0.828492,0.117193,0.000002397,
8685400,29.122635,24.250000,4.872635,29.200001,0.204729,0.828492,0.117376,0.000002420,
8685500,29.122635,24.250000,4.872635,29.200001,0.204729,0.828492,0.117360,0.000002385,
8685600,29.061317,24.250000,4.811317,29.200001,0.204729,0.828492,0.117308,0.000002365,
8685700,29.061317,24.250000,4.811317,29.200001,0.138683,0.881142,0.117361,0.000002384,
8685800,29.061317,24.250000,4.811317,29.200001,0.138683,0.881142,0.117596,0.000002481,
8685900,28.905659,24.250000,4.655659,29.200001,0.138683,0.881142,0.117640,0.000002480,
8686000,28.905659,24.500000,4.405659,29.200001,0.138683,0.881142,0.117841,0.000002462,
8686100,28.905659,24.500000,4.405659,29.200001,0.294342,0.756217,0.117774,0.000002434,
8686200,28.952829,24.500000,4.452829,29.200001,0.294342,0.756217,0.117607,0.000002410,
8686300,28.952829,24.000000,4.952829,29.200001,0.294342,0.756217,0.117811,0.000002409,
8686400,28.952829,24.000000,4.952829,29.200001,0.294342,0.756217,0.117849,0.000002407,
8686500,29.226414,24.000000,5.226414,29.200001,0.247171,0.793620,0.117865,0.000002399,
8686600,29.226414,24.250000,4.976414,29.200001,0.247171,0.793620,0.117933,0.000002378,
8686700,29.226414,24.250000,4.976414,29.200001,0.247171,0.793620,0.118072,0.000002360,
8686800,29.238207,24.250000,4.988207,29.200001,0.247171,0.793620,0.118136,0.000002397,
8686900,29.238207,24.250000,4.988207,29.200001,-0.038206,1.000000,0.118001,0.000002374,
8687000,29.238207,24.250000,4.988207,29.200001,-0.038206,1.000000,0.118305,0.000002360,
8687100,29.119102,24.250000,4.869102,29.200001,-0.038206,1.000000,0.118153,0.000002384,
8687200,29.119102,24.250000,4.869102,29.200001,-0.038206,1.000000,0.118137,0.000002317,
8687300,29.119102,24.250000,4.869102,29.200001,0.080898,0.926581,0.117942,0.000002334,
8687400,29.184551,24.250000,4.934551,29.200001,0.080898,0.926581,0.117689,0.000002286,
8687500,29.184551,24.000000,5.184551,29.200001,0.080898,0.926581,0.117624,0.000002270,
8687600,29.184551,24.000000,5.184551,29.200001,0.080898,0.926581,0.117737,0.000002273,
8687700,29.217276,24.000000,5.217276,29.200001,0.015450,0.978919,0.117628,0.000002256,
8687800,29.217276,24.500000,4.717276,29.200001,0.015450,0.978919,0.117850,0.000002244,
8687900,29.217276,24.500000,4.717276,29.200001,0.015450,0.978919,0.117816,0.000002206,
8688000,29.233639,24.500000,4.733639,29.200001,0.015450,0.978919,0.118022,0.000002222,
8688100,29.233639,24.250000,4.983639,29.200001,-0.033638,1.000000,0.118046,0.000002223,
8688200,29.233639,24.250000,4.983639,29.200001,-0.033638,1.000000,0.118026,0.000002195,
8688300,29.241819,24.250000,4.991819,29.200001,-0.033638,1.000000,0.118055,0.000002262,
8688400,29.241819,24.250000,4.991819,29.200001,-0.033638,1.000000,0.118751,0.000002259,
8688500,29.241819,24.250000,4.991819,29.200001,-0.041819,1.000000,0.118736,0.000002241,
8688600,29.245911,24.250000,4.995911,29.200001,-0.041819,1.000000,0.118700,0.000002273,
8688700,29.245911,23.750000,5.495911,29.200001,-0.041819,1.000000,0.118554,0.000002263,
8688800,29.245911,23.750000,5.495911,29.200001,-0.041819,1.000000,0.118613,0.000002329,
8688900,29.247955,23.750000,5.497955,29.200001,-0.045910,1.000000,0.118661,0.000002437,
8689000,29.247955,24.000000,5.247955,29.200001,-0.045910,1.000000,0.118876,0.000002458,
8689100,29.247955,24.000000,5.247955,29.200001,-0.045910,1.000000,0.119110,0.000002471,
8689200,29.373978,24.000000,5.373978,29.200001,-0.045910,1.000000,0.119437,0.000002480,
8689300,29.373978,24.000000,5.373978,29.200001,-0.173977,1.000000,0.119547,0.000002413,
8689400,29.373978,24.000000,5.373978,29.200001,-0.173977,1.000000,0.119774,0.000002373,
8689500,29.186989,24.000000,5.186989,29.200001,-0.173977,1.000000,0.119774,0.000002390,
8689600,29.186989,23.500000,5.686989,29.200001,-0.173977,1.000000,0.119662,0.000002399,
8689700,29.186989,23.500000,5.686989,29.200001,0.013012,0.981250,0.119618,0.000002330,
8689800,29.218494,23.500000,5.718494,29.200001,0.013012,0.981250,0.119799,0.000002373,
8689900,29.218494,24.250000,4.968494,29.200001,0.013012,0.981250,0.119746,0.000002330,
8690000,29.218494,24.250000,4.968494,29.200001,0.013012,0.981250,0.119751,0.000002387,
8690100,29.109247,24.250000,4.859247,29.200001,-0.018494,1.000000,0.119964,0.000002322,
8690200,29.109247,24.250000,4.859247,29.200001,-0.018494,1.000000,0.119965,0.000002324,
8690300,29.109247,24.250000,4.859247,29.200001,-0.018494,1.000000,0.120003,0.000002324,
8690400,29.179623,24.250000,4.929623,29.200001,-0.018494,1.000000,0.119793,0.000002318,
8690500,29.179623,24.250000,4.929623,29.200001,0.020378,0.975355,0.119576,0.000002324,
8690600,29.179623,24.250000,4.929623,29.200001,0.020378,0.975355,0.119591,0.000002372,
8690700,29.339811,24.250000,5.089811,29.200001,0.020378,0.975355,0.119429,0.000002312,
8690800,29.339811,24.250000,5.089811,29.200001,0.020378,0.975355,0.119439,0.000002410,
8690900,29.339811,24.250000,5.089811,29.200001,-0.139811,1.000000,0.119293,0.000002426,
8691000,29.294907,24.250000,5.044907,29.200001,-0.139811,1.000000,0.119426,0.000002409,
8691100,29.294907,23.750000,5.544907,29.200001,-0.139811,1.000000,0.119378,0.000002494,
8691200,29.294907,23.750000,5.544907,29.200001,-0.139811,1.000000,0.119314,0.000002485,
8691300,29.272453,23.750000,5.522453,29.200001,-0.094906,1.000000,0.119263,0.000002471,
8691400,29.272453,24.500000,4.772453,29.200001,-0.094906,1.000000,0.119536,0.000002435,
8691500,29.272453,24.500000,4.772453,29.200001,-0.094906,1.000000,0.119691,0.000002419,
8691600,29.261227,24.500000,4.761227,29.200001,-0.094906,1.000000,0.119500,0.000002428,
8691700,29.261227,24.250000,5.011227,29.200001,-0.061226,1.000000,0.119425,0.000002389,
8691800,29.261227,24.250000,5.011227,29.200001,-0.061226,1.000000,0.119542,0.000002369,
8691900,29.255613,24.250000,5.005613,29.200001,-0.061226,1.000000,0.119647,0.000002334,
8692000,29.255613,24.250000,5.005613,29.200001,-0.061226,1.000000,0.119892,0.000002320,
8692100,29.255613,24.250000,5.005613,29.200001,-0.055613,1.000000,0.119802,0.000002405,
8692200,29.127808,24.250000,4.877808,29.200001,-0.055613,1.000000,0.119509,0.000002373,
8692300,29.127808,24.000000,5.127808,29.200001,-0.055613,1.000000,0.119656,0.000002534,
8692400,29.127808,24.000000,5.127808,29.200001,-0.055613,1.000000,0.119790,0.000002550,
8692500,29.313904,24.000000,5.313904,29.200001,0.072193,0.934280,0.119867,0.000002530,
8692600,29.313904,24.250000,5.063904,29.200001,0.072193,0.934280,0.119788,0.000002464,
8692700,29.313904,24.250000,5.063904,29.200001,0.072193,0.934280,0.119442,0.000002453,
8692800,29.281952,24.250000,5.031952,29.200001,0.072193,0.934280,0.119452,0.000002433,
8692900,29.281952,24.250000,5.031952,29.200001,-0.081951,1.000000,0.119478,0.000002415,
8693000,29.281952,24.250000,5.031952,29.200001,-0.081951,1.000000,0.119454,0.000002359,
8693100,29.265976,24.250000,5.015976,29.200001,-0.081951,1.000000,0.119335,0.000002385,
8693200,29.265976,24.000000,5.265976,29.200001,-0.081951,1.000000,0.119048,0.000002397,
8693300,29.265976,24.000000,5.265976,29.200001,-0.065975,1.000000,0.119050,0.000002415,
8693400,29.382988,24.000000,5.382988,29.200001,-0.065975,1.000000,0.119272,0.000002382,
8693500,29.382988,24.000000,5.382988,29.200001,-0.065975,1.000000,0.119341,0.000002409,
8693600,29.382988,24.000000,5.382988,29.200001,-0.065975,1.000000,0.119231,0.000002389,
8693700,29.316494,24.000000,5.316494,29.200001,-0.182987,1.000000,0.119570,0.000002325,
8693800,29.316494,24.000000,5.316494,29.200001,-0.182987,1.000000,0.119667,0.000002323,
8693900,29.316494,24.000000,5.316494,29.200001,-0.182987,1.000000,0.119373,0.000002349,
8694000,29.283247,24.000000,5.283247,29.200001,-0.182987,1.000000,0.119405,0.000002341,
8694100,29.283247,24.000000,5.283247,29.200001,-0.083246,1.000000,0.119250,0.000002316,
8694200,29.283247,24.000000,5.283247,29.200001,-0.083246,1.000000,0.119378,0.000002293,
8694300,29.141624,24.000000,5.141624,29.200001,-0.083246,1.000000,0.119170,0.000002256,
8694400,29.141624,24.250000,4.891624,29.200001,-0.083246,1.000000,0.119374,0.000002253,
8694500,29.141624,24.250000,4.891624,29.200001,0.058376,0.945814,0.119203,0.000002212,
8694600,29.320812,24.250000,5.070812,29.200001,0.058376,0.945814,0.119128,0.000002319,
8694700,29.320812,24.000000,5.320812,29.200001,0.058376,0.945814,0.119172,0.000002312,
8694800,29.320812,24.000000,5.320812,29.200001,0.058376,0.945814,0.119234,0.000002338,
8694900,29.285406,24.000000,5.285406,29.200001,-0.120811,1.000000,0.119438,0.000002302,
8695000,29.285406,24.250000,5.035406,29.200001,-0.120811,1.000000,0.119659,0.000002333,
8695100,29.285406,24.250000,5.035406,29.200001,-0.120811,1.000000,0.119513,0.000002330,
8695200,29.267704,24.250000,5.017704,29.200001,-0.120811,1.000000,0.119939,0.000002402,
8695300,29.267704,24.250000,5.017704,29.200001,-0.067703,1.000000,0.119902,0.000002360,
8695400,29.267704,24.250000,5.017704,29.200001,-0.067703,1.000000,0.119757,0.000002393,
8695500,29.383852,24.250000,5.133852,29.200001,-0.067703,1.000000,0.119691,0.000002430,
8695600,29.383852,24.250000,5.133852,29.200001,-0.067703,1.000000,0.119802,0.000002431,
8695700,29.383852,24.250000,5.133852,29.200001,-0.183851,1.000000,0.119614,0.000002400,
8695800,29.316925,24.250000,5.066925,29.200001,-0.183851,1.000000,0.119748,0.000002377,
8695900,29.316925,24.000000,5.316925,29.200001,-0.183851,1.000000,0.119674,0.000002423,
8696000,29.316925,24.000000,5.316925,29.200001,-0.183851,1.000000,0.119688,0.000002373,
8696100,29.408463,24.000000,5.408463,29.200001,-0.116924,1.000000,0.119614,0.000002426,
8696200,29.408463,24.000000,5.408463,29.200001,-0.116924,1.000000,0.119665,0.000002399,
8696300,29.408463,24.000000,5.408463,29.200001,-0.116924,1.000000,0.119673,0.000002430,
8696400,29.204231,24.000000,5.204231,29.200001,-0.116924,1.000000,0.119901,0.000002355,
8696500,29.204231,24.250000,4.954231,29.200001,-0.004230,0.996565,0.119815,0.000002308,
8696600,29.204231,24.250000,4.954231,29.200001,-0.004230,0.996565,0.119620,0.000002284,
8696700,29.352116,24.250000,5.102116,29.200001,-0.004230,0.996565,0.119791,0.000002301,
8696800,29.352116,23.750000,5.602116,29.200001,-0.004230,0.996565,0.119809,0.000002385,
8696900,29.352116,23.750000,5.602116,29.200001,-0.152115,1.000000,0.120178,0.000002435,
8697000,29.426058,23.750000,5.676058,29.200001,-0.152115,1.000000,0.120213,0.000002409,
8697100,29.426058,24.500000,4.926058,29.200001,-0.152115,1.000000,0.120170,0.000002421,
8697200,29.426058,24.500000,4.926058,29.200001,-0.152115,1.000000,0.120477,0.000002380,
8697300,29.463028,24.500000,4.963028,29.200001,-0.226057,1.000000,0.120559,0.000002319,
8697400,29.463028,23.500000,5.963028,29.200001,-0.226057,1.000000,0.120564,0.000002305,
8697500,29.463028,23.500000,5.963028,29.200001,-0.226057,1.000000,0.120273,0.000002252,
8697600,29.481514,23.500000,5.981514,29.200001,-0.226057,1.000000,0.120255,0.000002250,
8697700,29.481514,24.250000,5.231514,29.200001,-0.281513,1.000000,0.119989,0.000002255,
8697800,29.481514,24.250000,5.231514,29.200001,-0.281513,1.000000,0.119792,0.000002272,
8697900,29.365757,24.250000,5.115757,29.200001,-0.281513,1.000000,0.120047,0.000002295,
8698000,29.365757,24.250000,5.115757,29.200001,-0.281513,1.000000,0.120084,0.000002342,
8698100,29.365757,24.250000,5.115757,29.200001,-0.165756,1.000000,0.120022,0.000002318,
8698200,29.182878,24.250000,4.932878,29.200001,-0.165756,1.000000,0.120374,0.000002325,
8698300,29.182878,24.000000,5.182878,29.200001,-0.165756,1.000000,0.120236,0.000002290,
8698400,29.182878,24.000000,5.182878,29.200001,-0.165756,1.000000,0.120420,0.000002302,
8698500,29.466438,24.000000,5.466438,29.200001,0.017122,0.980574,0.120359,0.000002318,
8698600,29.466438,24.000000,5.466438,29.200001,0.017122,0.980574,0.120369,0.000002320,
8698700,29.466438,24.000000,5.466438,29.200001,0.017122,0.980574,0.120236,0.000002304,
8698800,29.358219,24.000000,5.358219,29.200001,0.017122,0.980574,0.119977,0.000002299,
8698900,29.358219,23.750000,5.608219,29.200001,-0.158218,1.000000,0.120230,0.000002272,
8699000,29.358219,23.750000,5.608219,29.200001,-0.158218,1.000000,0.120377,0.000002260,
8699100,29.304110,23.750000,5.554110,29.200001,-0.158218,1.000000,0.120742,0.000002274,
8699200,29.304110,24.250000,5.054110,29.200001,-0.158218,1.000000,0.120847,0.000002322,
8699300,29.304110,24.250000,5.054110,29.200001,-0.104109,1.000000,0.120718,0.000002319,
8699400,29.152054,24.250000,4.902054,29.200001,-0.104109,1.000000,0.120370,0.000002377,
8699500,29.152054,24.250000,4.902054,29.200001,-0.104109,1.000000,0.119713,0.000002392,
8699600,29.152054,24.250000,4.902054,29.200001,-0.104109,1.000000,0.119498,0.000002347,
8699700,29.326027,24.250000,5.076027,29.200001,0.047947,0.956204,0.119690,0.000002393,
8699800,29.326027,24.000000,5.326027,29.200001,0.047947,0.956204,0.116878,0.000002336,
8699900,29.326027,24.000000,5.326027,29.200001,0.047947,0.956204,0.110549,0.000002383,
8700000,29.413013,24.000000,5.413013,29.200001,0.047947,0.956204,0.104721,0.000002336,
8700100,29.413013,24.750000,4.663013,29.200001,-0.213013,1.000000,0.099563,0.000002284,
8700200,29.413013,24.750000,4.663013,29.200001,-0.213013,1.000000,0.095216,0.000002292,
8700300,29.456507,24.750000,4.706507,29.200001,-0.213013,1.000000,0.091245,0.000002382,
8700400,29.456507,24.750000,4.706507,29.200001,-0.213013,1.000000,0.087372,0.000002347,
8700500,29.456507,24.750000,4.706507,29.200001,-0.256506,1.000000,0.083906,0.000002311,
8700600,29.353252,24.750000,4.603252,29.200001,-0.256506,1.000000,0.080772,0.000002284,
8700700,29.353252,24.500000,4.853252,29.200001,-0.256506,1.000000,0.077818,0.000002255,
8700800,29.353252,24.500000,4.853252,29.200001,-0.256506,1.000000,0.075389,0.000002263,
8700900,29.176626,24.500000,4.676626,29.200001,-0.153252,1.000000,0.073041,0.000002205,
8701000,29.176626,24.500000,4.676626,29.200001,-0.153252,1.000000,0.071115,0.000002187,
8701100,29.176626,24.500000,4.676626,29.200001,-0.153252,1.000000,0.069174,0.000002185,
8701200,29.338314,24.500000,4.838314,29.200001,-0.153252,1.000000,0.067662,0.000002178,
8701300,29.338314,24.500000,4.838314,29.200001,-0.138313,1.000000,0.066065,0.000002199,
8701400,29.338314,24.500000,4.838314,29.200001,-0.138313,1.000000,0.064694,0.000002200,
8701500,29.294157,24.500000,4.794157,29.200001,-0.138313,1.000000,0.063705,0.000002206,
8701600,29.294157,24.750000,4.544157,29.200001,-0.138313,1.000000,0.062537,0.000002166,
8701700,29.294157,24.750000,4.544157,29.200001,-0.094156,1.000000,0.061656,0.000002193,
8701800,29.147079,24.750000,4.397079,29.200001,-0.094156,1.000000,0.060751,0.000002176,
8701900,29.147079,24.750000,4.397079,29.200001,-0.094156,1.000000,0.059796,0.000002176,
8702000,29.147079,24.750000,4.397079,29.200001,-0.094156,1.000000,0.059104,0.000002122,
8702100,29.198540,24.750000,4.448540,29.200001,0.052921,0.953308,0.058318,0.000002152,
8702200,29.198540,24.000000,5.198540,29.200001,0.052921,0.953308,0.057570,0.000002183,
8702300,29.198540,24.000000,5.198540,29.200001,0.052921,0.953308,0.056933,0.000002174,
8702400,29.474270,24.000000,5.474270,29.200001,0.052921,0.953308,0.056466,0.000002138,
8702500,29.474270,24.750000,4.724270,29.200001,-0.274269,1.000000,0.056114,0.000002082,
8702600,29.474270,24.750000,4.724270,29.200001,-0.274269,1.000000,0.055669,0.000002075,
8702700,29.487135,24.750000,4.737135,29.200001,-0.274269,1.000000,0.055233,0.000002128,
8702800,29.487135,24.250000,5.237135,29.200001,-0.274269,1.000000,0.055053,0.000002156,
8702900,29.487135,24.250000,5.237135,29.200001,-0.287134,1.000000,0.054788,0.000002124,
8703000,29.618568,24.250000,5.368568,29.200001,-0.287134,1.000000,0.054480,0.000002109,
8703100,29.618568,24.250000,5.368568,29.200001,-0.287134,1.000000,0.054222,0.000002179,
8703200,29.618568,24.250000,5.368568,29.200001,-0.287134,1.000000,0.054007,0.000002192,
8703300,29.559284,24.250000,5.309284,29.200001,-0.418568,1.000000,0.053815,0.000002165,
8703400,29.559284,24.750000,4.809284,29.200001,-0.418568,1.000000,0.053527,0.000002187,
8703500,29.559284,24.750000,4.809284,29.200001,-0.418568,1.000000,0.053419,0.000002183,
8703600,29.529642,24.750000,4.779642,29.200001,-0.418568,1.000000,0.053297,0.000002256,
8703700,29.529642,24.250000,5.279642,29.200001,-0.329641,1.000000,0.053226,0.000002261,
8703800,29.529642,24.250000,5.279642,29.200001,-0.329641,1.000000,0.053139,0.000002221,
8703900,29.389820,24.250000,5.139820,29.200001,-0.329641,1.000000,0.053096,0.000002190,
8704000,29.319910,24.250000,5.069910,29.200001,-0.329641,1.000000,0.052619,0.000002288,
8704100,29.319910,24.750000,4.569910,29.200001,-0.119909,1.000000,0.052646,0.000002276,
8704200,29.319910,24.750000,4.569910,29.200001,-0.119909,1.000000,0.052463,0.000002245,
8704300,29.284954,24.750000,4.534954,29.200001,-0.119909,1.000000,0.052377,0.000002366,
8704400,29.284954,24.500000,4.784954,29.200001,-0.119909,1.000000,0.052209,0.000002342,
8704500,29.284954,24.500000,4.784954,29.200001,-0.084953,1.000000,0.052073,0.000002424,
8704600,29.267477,24.500000,4.767477,29.200001,-0.084953,1.000000,0.051960,0.000002366,
8704700,29.267477,24.250000,5.017477,29.200001,-0.084953,1.000000,0.051865,0.000002339,
8704800,29.267477,24.250000,5.017477,29.200001,-0.084953,1.000000,0.051554,0.000002420,
8704900,29.383739,24.250000,5.133739,29.200001,-0.067476,1.000000,0.051584,0.000002376,
8705000,29.383739,24.500000,4.883739,29.200001,-0.067476,1.000000,0.051450,0.000002365,
8705100,29.383739,24.500000,4.883739,29.200001,-0.067476,1.000000,0.051607,0.000002310,
8705200,29.316870,24.500000,4.816870,29.200001,-0.067476,1.000000,0.051780,0.000002347,
8705300,29.316870,24.250000,5.066870,29.200001,-0.116869,1.000000,0.051809,0.000002308,
8705400,29.316870,24.250000,5.066870,29.200001,-0.116869,1.000000,0.051906,0.000002260,
8705500,29.283436,24.250000,5.033436,29.200001,-0.116869,1.000000,0.051687,0.000002241,
8705600,29.283436,24.000000,5.283436,29.200001,-0.116869,1.000000,0.051630,0.000002242,
8705700,29.283436,24.000000,5.283436,29.200001,-0.083435,1.000000,0.051538,0.000002249,
8705800,29.391718,24.000000,5.391718,29.200001,-0.083435,1.000000,0.051513,0.000002248,
8705900,29.391718,24.750000,4.641718,29.200001,-0.083435,1.000000,0.051471,0.000002322,
8706000,29.391718,24.750000,4.641718,29.200001,-0.083435,1.000000,0.051539,0.000002314,
8706100,29.445858,24.750000,4.695858,29.200001,-0.191717,1.000000,0.051511,0.000002353,
8706200,29.445858,24.750000,4.695858,29.200001,-0.191717,1.000000,0.051398,0.000002314,
8706300,29.445858,24.750000,4.695858,29.200001,-0.191717,1.000000,0.051329,0.000002262,
8706400,29.347929,24.750000,4.597929,29.200001,-0.191717,1.000000,0.051592,0.000002232,
8706500,29.347929,24.500000,4.847929,29.200001,-0.147928,1.000000,0.051485,0.000002203,
8706600,29.347929,24.500000,4.847929,29.200001,-0.147928,1.000000,0.051395,0.000002141,
8706700,29.298965,24.500000,4.798965,29.200001,-0.147928,1.000000,0.051512,0.000002132,
8706800,29.298965,24.250000,5.048965,29.200001,-0.147928,1.000000,0.051827,0.000002177,
8706900,29.298965,24.250000,5.048965,29.200001,-0.098965,1.000000,0.051710,0.000002146,
8707000,29.149483,24.250000,4.899483,29.200001,-0.098965,1.000000,0.051731,0.000002140,
8707100,29.149483,24.750000,4.399483,29.200001,-0.098965,1.000000,0.051662,0.000002142,
8707200,29.149483,24.750000,4.399483,29.200001,-0.098965,1.000000,0.051640,0.000002090,
8707300,29.199741,24.750000,4.449741,29.200001,0.050518,0.958160,0.051690,0.000002109,
8707400,29.199741,24.750000,4.449741,29.200001,0.050518,0.958160,0.051769,0.000002145,
8707500,29.199741,24.750000,4.449741,29.200001,0.050518,0.958160,0.051622,0.000002188,
8707600,29.349871,24.750000,4.599871,29.200001,0.050518,0.958160,0.051588,0.000002191,
8707700,29.349871,24.500000,4.849871,29.200001,-0.149870,1.000000,0.051531,0.000002146,
8707800,29.349871,24.500000,4.849871,29.200001,-0.149870,1.000000,0.051501,0.000002218,
8707900,29.424934,24.500000,4.924934,29.200001,-0.149870,1.000000,0.051466,0.000002195,
8708000,29.424934,24.750000,4.674934,29.200001,-0.149870,1.000000,0.051697,0.000002173,
8708100,29.424934,24.750000,4.674934,29.200001,-0.224934,1.000000,0.051628,0.000002225,
8708200,29.337467,24.750000,4.587467,29.200001,-0.224934,1.000000,0.051500,0.000002240,
8708300,29.337467,24.750000,4.587467,29.200001,-0.224934,1.000000,0.051417,0.000002243,
8708400,29.337467,24.750000,4.587467,29.200001,-0.224934,1.000000,0.051514,0.000002212,
8708500,29.293734,24.750000,4.543734,29.200001,-0.137466,1.000000,0.051859,0.000002202,
8708600,29.293734,24.500000,4.793734,29.200001,-0.137466,1.000000,0.051998,0.000002201,
8708700,29.293734,24.500000,4.793734,29.200001,-0.137466,1.000000,0.051808,0.000002183,
8708800,29.271866,24.500000,4.771866,29.200001,-0.137466,1.000000,0.051692,0.000002143,
8708900,29.271866,24.250000,5.021866,29.200001,-0.071865,1.000000,0.051552,0.000002232,
8709000,29.271866,24.250000,5.021866,29.200001,-0.071865,1.000000,0.051629,0.000002200,
8709100,29.260933,24.250000,5.010933,29.200001,-0.071865,1.000000,0.051568,0.000002207,
8709200,29.260933,24.750000,4.510933,29.200001,-0.071865,1.000000,0.051690,0.000002198,
8709300,29.260933,24.750000,4.510933,29.200001,-0.060932,1.000000,0.051531,0.000002163,
8709400,29.255466,24.750000,4.505466,29.200001,-0.060932,1.000000,0.051618,0.000002133,
8709500,29.255466,24.750000,4.505466,29.200001,-0.060932,1.000000,0.051641,0.000002155,
8709600,29.255466,24.750000,4.505466,29.200001,-0.060932,1.000000,0.051608,0.000002150,
8709700,29.002733,24.750000,4.252733,29.200001,-0.055466,1.000000,0.051552,0.000002147,
8709800,29.002733,24.500000,4.502733,29.200001,-0.055466,1.000000,0.051531,0.000002137,
8709900,29.002733,24.500000,4.502733,29.200001,-0.055466,1.000000,0.051411,0.000002144,
8710000,29.126366,24.500000,4.626366,29.200001,-0.055466,1.000000,0.051431,0.000002138,
8710100,29.126366,24.750000,4.376366,29.200001,0.073635,0.940513,0.051417,0.000002101,
8710200,29.126366,24.750000,4.376366,29.200001,0.073635,0.940513,0.051275,0.000002158,
8710300,29.188183,24.750000,4.438183,29.200001,0.073635,0.940513,0.051491,0.000002130,
8710400,29.188183,24.000000,5.188183,29.200001,0.073635,0.940513,0.051442,0.000002166,
8710500,29.188183,24.000000,5.188183,29.200001,0.011818,0.989951,0.051404,0.000002171,
8710600,29.219091,24.000000,5.219091,29.200001,0.011818,0.989951,0.051691,0.000002154,
8710700,29.219091,24.750000,4.469091,29.200001,0.011818,0.989951,0.051537,0.000002123,
8710800,29.219091,24.750000,4.469091,29.200001,0.011818,0.989951,0.051690,0.000002100,
8710900,29.109547,24.750000,4.359547,29.200001,-0.019091,1.000000,0.051613,0.000002081,
8711000,29.109547,24.750000,4.359547,29.200001,-0.019091,1.000000,0.051600,0.000002085,
8711100,29.109547,24.750000,4.359547,29.200001,-0.019091,1.000000,0.051736,0.000002180,
8711200,29.304773,24.750000,4.554773,29.200001,-0.019091,1.000000,0.051663,0.000002163,
8711300,29.304773,24.750000,4.554773,29.200001,-0.104773,1.000000,0.051684,0.000002151,
8711400,29.304773,24.750000,4.554773,29.200001,-0.104773,1.000000,0.051574,0.000002134,
8711500,29.402386,24.750000,4.652386,29.200001,-0.104773,1.000000,0.051524,0.000002143,
8711600,29.402386,24.750000,4.652386,29.200001,-0.104773,1.000000,0.051549,0.000002181,
8711700,29.402386,24.750000,4.652386,29.200001,-0.202385,1.000000,0.051512,0.000002161,
8711800,29.326193,24.750000,4.576193,29.200001,-0.202385,1.000000,0.051517,0.000002239,
8711900,29.326193,24.500000,4.826193,29.200001,-0.202385,1.000000,0.051481,0.000002278,
8712000,29.326193,24.500000,4.826193,29.200001,-0.202385,1.000000,0.051497,0.000002254,
8712100,29.288097,24.500000,4.788097,29.200001,-0.126192,1.000000,0.051524,0.000002223,
8712200,29.288097,24.750000,4.538097,29.200001,-0.126192,1.000000,0.051415,0.000002208,
8712300,29.288097,24.750000,4.538097,29.200001,-0.126192,1.000000,0.051470,0.000002248,
8712400,29.269049,24.750000,4.519049,29.200001,-0.126192,1.000000,0.051319,0.000002209,
8712500,29.269049,24.750000,4.519049,29.200001,-0.069048,1.000000,0.051298,0.000002222,
8712600,29.269049,24.750000,4.519049,29.200001,-0.069048,1.000000,0.051512,0.000002188,
8712700,29.259525,24.750000,4.509525,29.200001,-0.069048,1.000000,0.051471,0.000002225,
8712800,29.259525,24.750000,4.509525,29.200001,-0.069048,1.000000,0.051389,0.000002222,
8712900,29.259525,24.750000,4.509525,29.200001,-0.059525,1.000000,0.051583,0.000002210,
8713000,29.254763,24.750000,4.504763,29.200001,-0.059525,1.000000,0.051674,0.000002139,
8713100,29.254763,24.500000,4.754763,29.200001,-0.059525,1.000000,0.051593,0.000002170,
8713200,29.254763,24.500000,4.754763,29.200001,-0.059525,1.000000,0.051758,0.000002193,
8713300,29.252380,24.500000,4.752380,29.200001,-0.054762,1.000000,0.051707,0.000002193,
8713400,29.252380,24.000000,5.252380,29.200001,-0.054762,1.000000,0.051605,0.000002188,
8713500,29.252380,24.000000,5.252380,29.200001,-0.054762,1.000000,0.051591,0.000002177,
8713600,29.251190,24.000000,5.251190,29.200001,-0.054762,1.000000,0.051766,0.000002138,
8713700,29.251190,24.500000,4.751190,29.200001,-0.051189,1.000000,0.051718,0.000002168,
8713800,29.251190,24.500000,4.751190,29.200001,-0.051189,1.000000,0.051943,0.000002209,
8713900,29.250595,24.500000,4.750595,29.200001,-0.051189,1.000000,0.052039,0.000002203,
8714000,29.250595,24.500000,4.750595,29.200001,-0.051189,1.000000,0.051881,0.000002166,
8714100,29.250595,24.500000,4.750595,29.200001,-0.050594,1.000000,0.051656,0.000002150,
8714200,29.375298,24.500000,4.875298,29.200001,-0.050594,1.000000,0.051585,0.000002113,
8714300,29.375298,24.500000,4.875298,29.200001,-0.050594,1.000000,0.051487,0.000002112,
8714400,29.375298,24.500000,4.875298,29.200001,-0.050594,1.000000,0.051268,0.000002113,
8714500,29.312649,24.500000,4.812649,29.200001,-0.175297,1.000000,0.051339,0.000002124,
8714600,29.312649,24.000000,5.312649,29.200001,-0.175297,1.000000,0.051442,0.000002125,
8714700,29.312649,24.000000,5.312649,29.200001,-0.175297,1.000000,0.051448,0.000002102,
8714800,29.281324,24.000000,5.281324,29.200001,-0.175297,1.000000,0.051309,0.000002086,
8714900,29.281324,24.000000,5.281324,29.200001,-0.081324,1.000000,0.051278,0.000002077,
8715000,29.281324,24.000000,5.281324,29.200001,-0.081324,1.000000,0.051288,0.000002128,
8715100,29.265663,24.000000,5.265663,29.200001,-0.081324,1.000000,0.051344,0.000002094,
8715200,29.265663,24.250000,5.015663,29.200001,-0.081324,1.000000,0.051483,0.000002110,
8715300,29.265663,24.250000,5.015663,29.200001,-0.065662,1.000000,0.051469,0.000002092,
8715400,29.382832,24.250000,5.132832,29.200001,-0.065662,1.000000,0.051444,0.000002055,
8715500,29.382832,25.000000,4.382832,29.200001,-0.065662,1.000000,0.051379,0.000002144,
8715600,29.382832,25.000000,4.382832,29.200001,-0.065662,1.000000,0.051176,0.000002178,
8715700,29.191416,25.000000,4.191416,29.200001,-0.182831,1.000000,0.051066,0.000002150,
8715800,29.191416,24.500000,4.691416,29.200001,-0.182831,1.000000,0.051241,0.000002189,
8715900,29.191416,24.500000,4.691416,29.200001,-0.182831,1.000000,0.051284,0.000002236,
8716000,29.220707,24.500000,4.720707,29.200001,-0.182831,1.000000,0.051271,0.000002222,
8716100,29.220707,24.250000,4.970707,29.200001,-0.020706,1.000000,0.051203,0.000002211,
8716200,29.220707,24.250000,4.970707,29.200001,-0.020706,1.000000,0.051216,0.000002232,
8716300,29.235353,24.250000,4.985353,29.200001,-0.020706,1.000000,0.051161,0.000002226,
8716400,29.235353,24.750000,4.485353,29.200001,-0.020706,1.000000,0.051296,0.000002199,
8716500,29.235353,24.750000,4.485353,29.200001,-0.035353,1.000000,0.051234,0.000002256,
8716600,28.992676,24.750000,4.242676,29.200001,-0.035353,1.000000,0.051218,0.000002233,
8716700,28.992676,24.250000,4.742676,29.200001,-0.035353,1.000000,0.051258,0.000002269,
8716800,28.992676,24.250000,4.742676,29.200001,-0.035353,1.000000,0.051181,0.000002314,
8716900,28.871338,24.250000,4.621338,29.200001,0.207325,0.833860,0.051534,0.000002272,
8717000,28.871338,24.500000,4.371338,29.200001,0.207325,0.833860,0.051626,0.000002282,
8717100,28.871338,24.500000,4.371338,29.200001,0.207325,0.833860,0.051615,0.000002219,
8717200,29.185669,24.500000,4.685669,29.200001,0.207325,0.833860,0.051752,0.000002200,
8717300,29.185669,24.750000,4.435669,29.200001,0.014332,0.988235,0.051592,0.000002147,
8717400,29.185669,24.750000,4.435669,29.200001,0.014332,0.988235,0.051914,0.000002166,
8717500,29.092834,24.750000,4.342834,29.200001,0.014332,0.988235,0.051768,0.000002159,
8717600,29.092834,24.250000,4.842834,29.200001,0.014332,0.988235,0.051776,0.000002173,
8717700,29.092834,24.250000,4.842834,29.200001,0.107166,0.913823,0.051709,0.000002118,
8717800,29.171417,24.250000,4.921417,29.200001,0.107166,0.913823,0.051650,0.000002117,
8717900,29.171417,24.500000,4.671417,29.200001,0.107166,0.913823,0.051617,0.000002084,
8718000,29.171417,24.500000,4.671417,29.200001,0.107166,0.913823,0.051780,0.000002095,
8718100,29.210709,24.500000,4.710709,29.200001,0.028584,0.976651,0.051719,0.000002067,
8718200,29.210709,24.250000,4.960709,29.200001,0.028584,0.976651,0.051997,0.000002086,
8718300,29.210709,24.250000,4.960709,29.200001,0.028584,0.976651,0.051910,0.000002062,
8718400,28.980354,24.250000,4.730354,29.200001,0.028584,0.976651,0.051766,0.000002132,
8718500,28.980354,24.250000,4.730354,29.200001,0.219646,0.823504,0.051717,0.000002119,
8718600,28.980354,24.250000,4.730354,29.200001,0.219646,0.823504,0.051572,0.000002085,
8718700,29.115177,24.250000,4.865177,29.200001,0.219646,0.823504,0.051669,0.000002043,
8718800,29.115177,24.750000,4.365177,29.200001,0.219646,0.823504,0.051561,0.000002088,
8718900,29.115177,24.750000,4.365177,29.200001,0.084824,0.931248,0.051605,0.000002130,
8719000,29.182589,24.750000,4.432589,29.200001,0.084824,0.931248,0.051386,0.000002110,
8719100,29.182589,24.250000,4.932589,29.200001,0.084824,0.931248,0.051432,0.000002074,
8719200,29.182589,24.250000,4.932589,29.200001,0.084824,0.931248,0.051471,0.000002074,
8719300,29.216293,24.250000,4.966293,29.200001,0.017412,0.985153,0.051415,0.000002102,
8719400,29.216293,24.000000,5.216293,29.200001,0.017412,0.985153,0.051543,0.000002163,
8719500,29.216293,24.000000,5.216293,29.200001,0.017412,0.985153,0.051596,0.000002277,
8719600,29.233147,24.000000,5.233147,29.200001,0.017412,0.985153,0.051451,0.000002225,
8719700,29.233147,24.750000,4.483147,29.200001,-0.033146,1.000000,0.051426,0.000002259,
8719800,29.233147,24.750000,4.483147,29.200001,-0.033146,1.000000,0.051539,0.000002189,
8719900,29.241573,24.750000,4.491573,29.200001,-0.033146,1.000000,0.051473,0.000002149,
8720000,29.241573,24.500000,4.741573,29.200001,-0.033146,1.000000,0.051570,0.000002236,
8720100,29.241573,24.500000,4.741573,29.200001,-0.041573,1.000000,0.051681,0.000002178,
8720200,29.245787,24.500000,4.745787,29.200001,-0.041573,1.000000,0.051536,0.000002206,
8720300,29.245787,24.500000,4.745787,29.200001,-0.041573,1.000000,0.051467,0.000002173,
8720400,29.245787,24.500000,4.745787,29.200001,-0.041573,1.000000,0.051299,0.000002187,
8720500,28.997894,24.500000,4.497894,29.200001,-0.045786,1.000000,0.051210,0.000002195,
8720600,28.997894,25.000000,3.997894,29.200001,-0.045786,1.000000,0.051395,0.000002202,
8720700,28.997894,25.000000,3.997894,29.200001,-0.045786,1.000000,0.051298,0.000002204,
8720800,29.123947,25.000000,4.123947,29.200001,-0.045786,1.000000,0.051454,0.000002223,
8720900,29.123947,23.750000,5.373947,29.200001,0.076054,0.938300,0.051453,0.000002197,
8721000,29.123947,23.750000,5.373947,29.200001,0.076054,0.938300,0.051303,0.000002219,
8721100,29.186974,23.750000,5.436974,29.200001,0.076054,0.938300,0.051357,0.000002202,
8721200,29.186974,24.500000,4.686974,29.200001,0.076054,0.938300,0.051413,0.000002149,
8721300,29.186974,24.500000,4.686974,29.200001,0.013027,0.988704,0.051586,0.000002139,
8721400,29.093487,24.500000,4.593487,29.200001,0.013027,0.988704,0.051483,0.000002126,
8721500,29.093487,24.500000,4.593487,29.200001,0.013027,0.988704,0.051473,0.000002116,
8721600,29.093487,24.500000,4.593487,29.200001,0.013027,0.988704,0.051442,0.000002072,
8721700,29.171743,24.500000,4.671743,29.200001,0.106514,0.913770,0.051439,0.000002091,
8721800,29.171743,24.750000,4.421743,29.200001,0.106514,0.913770,0.051374,0.000002080,
8721900,29.171743,24.750000,4.421743,29.200001,0.106514,0.913770,0.051262,0.000002089,
8722000,29.210873,24.750000,4.460873,29.200001,0.106514,0.913770,0.051237,0.000002100,
8722100,29.210873,24.750000,4.460873,29.200001,-0.010872,1.000000,0.051241,0.000002104,
8722200,29.210873,24.750000,4.460873,29.200001,-0.010872,1.000000,0.051237,0.000002152,
8722300,29.230436,24.750000,4.480436,29.200001,-0.010872,1.000000,0.051247,0.000002132,
8722400,29.230436,24.750000,4.480436,29.200001,-0.010872,1.000000,0.051385,0.000002150,
8722500,29.230436,24.750000,4.480436,29.200001,-0.030436,1.000000,0.051263,0.000002166,
8722600,29.240219,24.750000,4.490219,29.200001,-0.030436,1.000000,0.051169,0.000002182,
8722700,29.240219,24.750000,4.490219,29.200001,-0.030436,1.000000,0.051251,0.000002178,
8722800,29.240219,24.750000,4.490219,29.200001,-0.030436,1.000000,0.051159,0.000002150,
8722900,29.120110,24.750000,4.370110,29.200001,-0.040218,1.000000,0.051347,0.000002216,
8723000,29.120110,24.250000,4.870110,29.200001,-0.040218,1.000000,0.051536,0.000002247,
8723100,29.120110,24.250000,4.870110,29.200001,-0.040218,1.000000,0.051569,0.000002226,
8723200,29.060055,24.250000,4.810055,29.200001,-0.040218,1.000000,0.051538,0.000002270,
8723300,29.060055,24.750000,4.310055,29.200001,0.139946,0.886946,0.051503,0.000002295,
8723400,29.060055,24.750000,4.310055,29.200001,0.139946,0.886946,0.051387,0.000002313,
8723500,29.030027,24.750000,4.280027,29.200001,0.139946,0.886946,0.051394,0.000002327,
8723600,29.030027,24.500000,4.530027,29.200001,0.139946,0.886946,0.051238,0.000002356,
8723700,29.030027,24.500000,4.530027,29.200001,0.169973,0.862695,0.051054,0.000002348,
8723800,29.265015,24.500000,4.765015,29.200001,0.169973,0.862695,0.051046,0.000002291,
8723900,29.265015,24.250000,5.015015,29.200001,0.169973,0.862695,0.051257,0.000002333,
8724000,29.265015,24.250000,5.015015,29.200001,0.169973,0.862695,0.051311,0.000002285,
8724100,29.132507,24.250000,4.882507,29.200001,-0.065014,1.000000,0.051182,0.000002250,
8724200,29.132507,24.500000,4.632507,29.200001,-0.065014,1.000000,0.051274,0.000002255,
8724300,29.132507,24.500000,4.632507,29.200001,-0.065014,1.000000,0.051320,0.000002257,
8724400,29.191254,24.500000,4.691254,29.200001,-0.065014,1.000000,0.051234,0.000002237,
8724500,29.191254,24.250000,4.941254,29.200001,0.008747,0.991752,0.051132,0.000002221,
8724600,29.191254,24.250000,4.941254,29.200001,0.008747,0.991752,0.051177,0.000002193,
8724700,29.220627,24.250000,4.970627,29.200001,0.008747,0.991752,0.051118,0.000002157,
8724800,29.220627,24.500000,4.720627,29.200001,0.008747,0.991752,0.051008,0.000002123,
8724900,29.220627,24.500000,4.720627,29.200001,-0.020626,1.000000,0.050888,0.000002092,
8725000,29.110313,24.500000,4.610313,29.200001,-0.020626,1.000000,0.051018,0.000002062,
8725100,29.110313,24.000000,5.110313,29.200001,-0.020626,1.000000,0.050904,0.000002029,
8725200,29.110313,24.000000,5.110313,29.200001,-0.020626,1.000000,0.051033,0.000002034,
8725300,29.055157,24.000000,5.055157,29.200001,0.089687,0.926906,0.050976,0.000002053,
8725400,29.055157,24.500000,4.555157,29.200001,0.089687,0.926906,0.050925,0.000002127,
8725500,29.055157,24.500000,4.555157,29.200001,0.089687,0.926906,0.051054,0.000002071,
8725600,29.152578,24.500000,4.652578,29.200001,0.089687,0.926906,0.051064,0.000002115,
8725700,29.152578,24.500000,4.652578,29.200001,0.047422,0.960654,0.051052,0.000002097,
8725800,29.152578,24.500000,4.652578,29.200001,0.047422,0.960654,0.050961,0.000002177,
8725900,29.326290,24.500000,4.826290,29.200001,0.047422,0.960654,0.051041,0.000002224,
8726000,29.326290,24.500000,4.826290,29.200001,0.047422,0.960654,0.051238,0.000002175,
8726100,29.326290,24.500000,4.826290,29.200001,-0.126289,1.000000,0.051232,0.000002147,
8726200,29.163145,24.500000,4.663145,29.200001,-0.126289,1.000000,0.051274,0.000002141,
8726300,29.163145,24.750000,4.413145,29.200001,-0.126289,1.000000,0.051291,0.000002111,
8726400,29.163145,24.750000,4.413145,29.200001,-0.126289,1.000000,0.051203,0.000002129,
8726500,28.956573,24.750000,4.206573,29.200001,0.036856,0.969228,0.051185,0.000002115,
8726600,28.956573,24.750000,4.206573,29.200001,0.036856,0.969228,0.052079,0.000002114,
8726700,28.956573,24.750000,4.206573,29.200001,0.036856,0.969228,0.054336,0.000002108,
8726800,28.853287,24.750000,4.103287,29.200001,0.036856,0.969228,0.056342,0.000002119,
8726900,28.853287,25.000000,3.853287,29.200001,0.346714,0.720873,0.058363,0.000002124,
8727000,28.853287,25.000000,3.853287,29.200001,0.346714,0.720873,0.060115,0.000002158,
8727100,29.051643,25.000000,4.051643,29.200001,0.346714,0.720873,0.061667,0.000002158,
8727200,29.051643,24.750000,4.301643,29.200001,0.346714,0.720873,0.063049,0.000002124,
8727300,29.051643,24.750000,4.301643,29.200001,0.148357,0.879358,0.064219,0.000002097,
8727400,29.150822,24.750000,4.400822,29.200001,0.148357,0.879358,0.065227,0.000002067,
8727500,29.150822,24.750000,4.400822,29.200001,0.148357,0.879358,0.066257,0.000002058,
8727600,29.150822,24.750000,4.400822,29.200001,0.148357,0.879358,0.067210,0.000002086,
8727700,29.075411,24.750000,4.325411,29.200001,0.049179,0.958635,0.068085,0.000002055,
8727800,29.075411,24.500000,4.575411,29.200001,0.049179,0.958635,0.068783,0.000002065,
8727900,29.075411,24.500000,4.575411,29.200001,0.049179,0.958635,0.069635,0.000002097,
8728000,29.162704,24.500000,4.662704,29.200001,0.049179,0.958635,0.070157,0.000002167,
8728100,29.162704,24.500000,4.662704,29.200001,0.037296,0.968091,0.070692,0.000002143,
8728200,29.162704,24.500000,4.662704,29.200001,0.037296,0.968091,0.071187,0.000002217,
8728300,29.206352,24.500000,4.706352,29.200001,0.037296,0.968091,0.071626,0.000002230,
8728400,29.206352,24.500000,4.706352,29.200001,0.037296,0.968091,0.072150,0.000002224,
8728500,29.206352,24.500000,4.706352,29.200001,-0.006351,1.000000,0.072304,0.000002181,
8728600,28.978176,24.500000,4.478176,29.200001,-0.006351,1.000000,0.072634,0.000002152,
8728700,28.978176,24.500000,4.478176,29.200001,-0.006351,1.000000,0.073106,0.000002286,
8728800,28.978176,24.500000,4.478176,29.200001,-0.006351,1.000000,0.073267,0.000002257,
8728900,29.114088,24.500000,4.614088,29.200001,0.221825,0.820177,0.073517,0.000002264,
8729000,29.114088,24.250000,4.864088,29.200001,0.221825,0.820177,0.073780,0.000002219,
8729100,29.114088,24.250000,4.864088,29.200001,0.221825,0.820177,0.073891,0.000002231,
8729200,29.057045,24.250000,4.807045,29.200001,0.221825,0.820177,0.074149,0.000002217,
8729300,29.057045,24.750000,4.307045,29.200001,0.142956,0.883079,0.074636,0.000002212,
8729400,29.057045,24.750000,4.307045,29.200001,0.142956,0.883079,0.074700,0.000002208,
8729500,28.903522,24.750000,4.153522,29.200001,0.142956,0.883079,0.074758,0.000002182,
8729600,28.826761,24.750000,4.076761,29.200001,0.142956,0.883079,0.074823,0.000002161,
8729700,28.826761,24.250000,4.576761,29.200001,0.373240,0.698348,0.075119,0.000002139,
8729800,28.826761,24.250000,4.576761,29.200001,0.373240,0.698348,0.075331,0.000002142,
8729900,28.788380,24.250000,4.538380,29.200001,0.373240,0.698348,0.075245,0.000002075,
8730000,28.788380,24.250000,4.538380,29.200001,0.373240,0.698348,0.075270,0.000002040,
8730100,28.788380,24.250000,4.538380,29.200001,0.411621,0.667087,0.075152,0.000002035,
8730200,29.019190,24.250000,4.769190,29.200001,0.411621,0.667087,0.075329,0.000002022,
8730300,29.019190,24.500000,4.519190,29.200001,0.411621,0.667087,0.075285,0.000002055,
8730400,29.019190,24.500000,4.519190,29.200001,0.411621,0.667087,0.075222,0.000002057,
8730500,28.884594,24.500000,4.384594,29.200001,0.180811,0.851491,0.075324,0.000002144,
8730600,28.884594,24.750000,4.134594,29.200001,0.180811,0.851491,0.075380,0.000002132,
8730700,28.884594,24.750000,4.134594,29.200001,0.180811,0.851491,0.075310,0.000002151,
8730800,28.942297,24.750000,4.192297,29.200001,0.180811,0.851491,0.075456,0.000002166,
8730900,28.942297,24.500000,4.442297,29.200001,0.257704,0.789629,0.075774,0.000002150,
8731000,28.942297,24.500000,4.442297,29.200001,0.257704,0.789629,0.075668,0.000002110,
8731100,29.096149,24.500000,4.596149,29.200001,0.257704,0.789629,0.075667,0.000002099,
8731200,29.096149,24.750000,4.346149,29.200001,0.257704,0.789629,0.075848,0.000002106,
8731300,29.096149,24.750000,4.346149,29.200001,0.103851,0.912571,0.075699,0.000002072,
8731400,29.173075,24.750000,4.423075,29.200001,0.103851,0.912571,0.075626,0.000002171,
8731500,29.173075,24.500000,4.673075,29.200001,0.103851,0.912571,0.075651,0.000002138,
8731600,29.173075,24.500000,4.673075,29.200001,0.103851,0.912571,0.075577,0.000002084,
8731700,29.211536,24.500000,4.711536,29.200001,0.026926,0.974075,0.075774,0.000002044,
8731800,29.211536,24.250000,4.961536,29.200001,0.026926,0.974075,0.075744,0.000002058,
8731900,29.211536,24.250000,4.961536,29.200001,0.026926,0.974075,0.075649,0.000002097,
8732000,29.230768,24.250000,4.980768,29.200001,0.026926,0.974075,0.075602,0.000002108,
8732100,29.230768,24.500000,4.730768,29.200001,-0.030767,1.000000,0.075553,0.000002102,
8732200,29.230768,24.500000,4.730768,29.200001,-0.030767,1.000000,0.075512,0.000002125,
8732300,29.115383,24.500000,4.615383,29.200001,-0.030767,1.000000,0.075414,0.000002159,
8732400,29.115383,24.250000,4.865383,29.200001,-0.030767,1.000000,0.075356,0.000002119,
8732500,29.115383,24.250000,4.865383,29.200001,0.084618,0.927849,0.075440,0.000002105,
8732600,29.057692,24.250000,4.807692,29.200001,0.084618,0.927849,0.075531,0.000002170,
8732700,29.057692,24.000000,5.057692,29.200001,0.084618,0.927849,0.075497,0.000002157,
8732800,29.057692,24.000000,5.057692,29.200001,0.084618,0.927849,0.075513,0.000002170,
8732900,28.903847,24.000000,4.903847,29.200001,0.142309,0.881503,0.075630,0.000002138,
8733000,28.903847,24.250000,4.653847,29.200001,0.142309,0.881503,0.075608,0.000002168,
8733100,28.903847,24.250000,4.653847,29.200001,0.142309,0.881503,0.075612,0.000002171,
8733200,29.076923,24.250000,4.826923,29.200001,0.142309,0.881503,0.075768,0.000002144,
8733300,29.076923,24.250000,4.826923,29.200001,0.123077,0.896723,0.075615,0.000002124,
8733400,29.076923,24.250000,4.826923,29.200001,0.123077,0.896723,0.075614,0.000002119,
8733500,28.913462,24.250000,4.663462,29.200001,0.123077,0.896723,0.075872,0.000002087,
8733600,28.913462,24.750000,4.163462,29.200001,0.123077,0.896723,0.075837,0.000002107,
8733700,28.913462,24.750000,4.163462,29.200001,0.286539,0.765567,0.075905,0.000002111,
8733800,28.581730,24.750000,3.831730,29.200001,0.286539,0.765567,0.075880,0.000002152,
8733900,28.581730,24.500000,4.081730,29.200001,0.286539,0.765567,0.075869,0.000002184,
8734000,28.581730,24.500000,4.081730,29.200001,0.286539,0.765567,0.075606,0.000002134,
8734100,28.665865,24.500000,4.165865,29.200001,0.618271,0.499346,0.075648,0.000002144,
8734200,28.665865,24.500000,4.165865,29.200001,0.618271,0.499346,0.075875,0.000002193,
8734300,28.665865,24.500000,4.165865,29.200001,0.618271,0.499346,0.075973,0.000002179,
8734400,29.082932,24.500000,4.582932,29.200001,0.618271,0.499346,0.075915,0.000002132,
8734500,29.082932,24.750000,4.332932,29.200001,0.117069,0.900150,0.075947,0.000002187,
8734600,29.082932,24.750000,4.332932,29.200001,0.117069,0.900150,0.075947,0.000002160,
8734700,29.166466,24.750000,4.416466,29.200001,0.117069,0.900150,0.075972,0.000002164,
8734800,29.166466,24.500000,4.666466,29.200001,0.117069,0.900150,0.075821,0.000002161,
8734900,29.166466,24.500000,4.666466,29.200001,0.033535,0.966932,0.075879,0.000002165,
8735000,29.083233,24.500000,4.583233,29.200001,0.033535,0.966932,0.075808,0.000002184,
8735100,29.083233,24.500000,4.583233,29.200001,0.033535,0.966932,0.075609,0.000002254,
8735200,29.083233,24.500000,4.583233,29.200001,0.033535,0.966932,0.075651,0.000002323,
8735300,29.041616,24.500000,4.541616,29.200001,0.116768,0.900188,0.075683,0.000002282,
8735400,29.041616,24.500000,4.541616,29.200001,0.116768,0.900188,0.075696,0.000002234,
8735500,29.041616,24.500000,4.541616,29.200001,0.116768,0.900188,0.075775,0.000002238,
8735600,29.270809,24.500000,4.770809,29.200001,0.116768,0.900188,0.075731,0.000002197,
8735700,29.270809,24.250000,5.020809,29.200001,-0.070808,1.000000,0.075762,0.000002216,
8735800,29.270809,24.250000,5.020809,29.200001,-0.070808,1.000000,0.075735,0.000002228,
8735900,29.260405,24.250000,5.010405,29.200001,-0.070808,1.000000,0.075691,0.000002283,
8736000,29.260405,24.750000,4.510405,29.200001,-0.070808,1.000000,0.075674,0.000002302,
8736100,29.260405,24.750000,4.510405,29.200001,-0.060404,1.000000,0.075540,0.000002266,
8736200,29.255203,24.750000,4.505203,29.200001,-0.060404,1.000000,0.075683,0.000002238,
8736300,29.255203,24.500000,4.755203,29.200001,-0.060404,1.000000,0.075630,0.000002198,
8736400,29.255203,24.500000,4.755203,29.200001,-0.060404,1.000000,0.075903,0.000002251,
8736500,29.252602,24.500000,4.752602,29.200001,-0.055202,1.000000,0.076050,0.000002258,
8736600,29.252602,24.250000,5.002602,29.200001,-0.055202,1.000000,0.076054,0.000002237,
8736700,29.252602,24.250000,5.002602,29.200001,-0.055202,1.000000,0.076126,0.000002294,
8736800,29.251301,24.250000,5.001301,29.200001,-0.055202,1.000000,0.076094,0.000002347,
8736900,29.251301,24.000000,5.251301,29.200001,-0.051300,1.000000,0.076116,0.000002333,
8737000,29.251301,24.000000,5.251301,29.200001,-0.051300,1.000000,0.076133,0.000002353,
8737100,29.250650,24.000000,5.250650,29.200001,-0.051300,1.000000,0.075981,0.000002352,
8737200,29.250650,24.250000,5.000650,29.200001,-0.051300,1.000000,0.075948,0.000002378,
8737300,29.250650,24.250000,5.000650,29.200001,-0.050650,1.000000,0.076050,0.000002390,
8737400,29.250324,24.250000,5.000324,29.200001,-0.050650,1.000000,0.075973,0.000002460,
8737500,29.250324,24.500000,4.750324,29.200001,-0.050650,1.000000,0.076208,0.000002439,
8737600,29.250324,24.500000,4.750324,29.200001,-0.050650,1.000000,0.076106,0.000002418,
8737700,29.250162,24.500000,4.750162,29.200001,-0.050323,1.000000,0.076153,0.000002411,
8737800,29.250162,24.500000,4.750162,29.200001,-0.050323,1.000000,0.076323,0.000002409,
8737900,29.250162,24.500000,4.750162,29.200001,-0.050323,1.000000,0.076402,0.000002353,
8738000,29.250080,24.500000,4.750080,29.200001,-0.050323,1.000000,0.076302,0.000002362,
8738100,29.250080,24.750000,4.500080,29.200001,-0.050079,1.000000,0.076400,0.000002374,
8738200,29.250080,24.750000,4.500080,29.200001,-0.050079,1.000000,0.076235,0.000002343,
8738300,29.250040,24.750000,4.500040,29.200001,-0.050079,1.000000,0.076080,0.000002281,
8738400,29.250040,24.500000,4.750040,29.200001,-0.050079,1.000000,0.076106,0.000002265,
8738500,29.250040,24.500000,4.750040,29.200001,-0.050039,1.000000,0.076120,0.000002296,
8738600,29.250019,24.500000,4.750019,29.200001,-0.050039,1.000000,0.076005,0.000002272,
8738700,29.250019,24.750000,4.500019,29.200001,-0.050039,1.000000,0.076060,0.000002286,
8738800,29.250019,24.750000,4.500019,29.200001,-0.050039,1.000000,0.076021,0.000002271,
8738900,29.250010,24.750000,4.500010,29.200001,-0.050018,1.000000,0.076055,0.000002294,
8739000,29.250010,24.500000,4.750010,29.200001,-0.050018,1.000000,0.076187,0.000002266,
8739100,29.250010,24.500000,4.750010,29.200001,-0.050018,1.000000,0.076260,0.000002247,
8739200,29.250004,24.500000,4.750004,29.200001,-0.050018,1.000000,0.076326,0.000002236,
8739300,29.250004,24.500000,4.750004,29.200001,-0.050003,1.000000,0.076133,0.000002274,
8739400,29.250004,24.500000,4.750004,29.200001,-0.050003,1.000000,0.076146,0.000002259,
8739500,29.375002,24.500000,4.875002,29.200001,-0.050003,1.000000,0.076191,0.000002242,
8739600,29.375002,24.750000,4.625002,29.200001,-0.050003,1.000000,0.076062,0.000002203,
8739700,29.375002,24.750000,4.625002,29.200001,-0.175001,1.000000,0.075903,0.000002184,
8739800,29.312500,24.750000,4.562500,29.200001,-0.175001,1.000000,0.075926,0.000002179,
8739900,29.312500,24.250000,5.062500,29.200001,-0.175001,1.000000,0.075876,0.000002154,
8740000,29.312500,24.250000,5.062500,29.200001,-0.175001,1.000000,0.075905,0.000002195,
8740100,29.156250,24.250000,4.906250,29.200001,-0.112499,1.000000,0.075857,0.000002175,
8740200,29.156250,24.500000,4.656250,29.200001,-0.112499,1.000000,0.075766,0.000002177,
8740300,29.156250,24.500000,4.656250,29.200001,-0.112499,1.000000,0.075775,0.000002152,
8740400,29.078125,24.500000,4.578125,29.200001,-0.112499,1.000000,0.075827,0.000002130,
8740500,29.078125,24.500000,4.578125,29.200001,0.121876,0.897053,0.075874,0.000002137,
8740600,29.078125,24.500000,4.578125,29.200001,0.121876,0.897053,0.075807,0.000002149,
8740700,29.164062,24.500000,4.664062,29.200001,0.121876,0.897053,0.075949,0.000002136,
8740900,29.164062,24.750000,4.414062,29.200001,0.035938,0.965754,0.076055,0.000002138,
8741000,29.207031,24.750000,4.457031,29.200001,0.035938,0.965754,0.076096,0.000002133,
8741100,29.207031,24.000000,5.207031,29.200001,0.035938,0.965754,0.075965,0.000002094,
8741200,29.207031,24.000000,5.207031,29.200001,0.035938,0.965754,0.075978,0.000002131,
8741300,29.228516,24.000000,5.228516,29.200001,-0.007030,1.000000,0.076013,0.000002108,
8741400,29.228516,24.750000,4.478516,29.200001,-0.007030,1.000000,0.075923,0.000002151,
8741500,29.228516,24.750000,4.478516,29.200001,-0.007030,1.000000,0.075894,0.000002165,
8741600,29.364258,24.750000,4.614258,29.200001,-0.007030,1.000000,0.075988,0.000002139,
8741700,29.364258,24.750000,4.614258,29.200001,-0.164257,1.000000,0.076041,0.000002113,
8741800,29.364258,24.750000,4.614258,29.200001,-0.164257,1.000000,0.076214,0.000002125,
8741900,29.307129,24.750000,4.557129,29.200001,-0.164257,1.000000,0.076160,0.000002073,
8742000,29.307129,24.000000,5.307129,29.200001,-0.164257,1.000000,0.076166,0.000002070,
8742100,29.307129,24.000000,5.307129,29.200001,-0.107128,1.000000,0.076373,0.000002147,
8742200,29.278564,24.000000,5.278564,29.200001,-0.107128,1.000000,0.076595,0.000002171,
8742300,29.278564,24.500000,4.778564,29.200001,-0.107128,1.000000,0.076450,0.000002308,
8742400,29.278564,24.500000,4.778564,29.200001,-0.107128,1.000000,0.076465,0.000002301,
8742500,29.264282,24.500000,4.764282,29.200001,-0.078564,1.000000,0.076415,0.000002313,
8742600,29.264282,24.500000,4.764282,29.200001,-0.078564,1.000000,0.076399,0.000002341,
8742700,29.264282,24.500000,4.764282,29.200001,-0.078564,1.000000,0.076594,0.000002314,
8742800,29.132141,24.500000,4.632141,29.200001,-0.078564,1.000000,0.076539,0.000002306,
8742900,29.132141,24.250000,4.882141,29.200001,0.067860,0.940607,0.076559,0.000002278,
8743000,29.132141,24.250000,4.882141,29.200001,0.067860,0.940607,0.076480,0.000002297,
8743100,28.941071,24.250000,4.691071,29.200001,0.067860,0.940607,0.076442,0.000002249,
8743200,28.941071,24.500000,4.441071,29.200001,0.067860,0.940607,0.076302,0.000002222,
8743300,28.941071,24.500000,4.441071,29.200001,0.258930,0.787401,0.076250,0.000002201,
8743400,29.095535,24.500000,4.595535,29.200001,0.258930,0.787401,0.076335,0.000002193,
8743500,29.095535,24.500000,4.595535,29.200001,0.258930,0.787401,0.076288,0.000002195,
8743600,29.095535,24.500000,4.595535,29.200001,0.258930,0.787401,0.076153,0.000002187,
8743700,29.172768,24.500000,4.672768,29.200001,0.104465,0.910832,0.076428,0.000002194,
8743800,29.172768,24.500000,4.672768,29.200001,0.104465,0.910832,0.076298,0.000002234,
8743900,29.172768,24.500000,4.672768,29.200001,0.104465,0.910832,0.076434,0.000002232,
8744000,28.961384,24.500000,4.461384,29.200001,0.104465,0.910832,0.076311,0.000002176,
8744100,28.961384,24.750000,4.211384,29.200001,0.238617,0.803189,0.076117,0.000002146,
8744200,28.961384,24.750000,4.211384,29.200001,0.238617,0.803189,0.076090,0.000002143,
8744300,29.105692,24.750000,4.355692,29.200001,0.238617,0.803189,0.076198,0.000002140,
8744400,29.105692,24.500000,4.605692,29.200001,0.238617,0.803189,0.076122,0.000002243,
8744500,29.105692,24.500000,4.605692,29.200001,0.094309,0.918508,0.076162,0.000002230,
8744600,29.052845,24.500000,4.552845,29.200001,0.094309,0.918508,0.076008,0.000002266,
8744700,29.052845,24.500000,4.552845,29.200001,0.094309,0.918508,0.075980,0.000002216,
8744800,29.052845,24.500000,4.552845,29.200001,0.094309,0.918508,0.076097,0.000002201,
8744900,29.026423,24.500000,4.526423,29.200001,0.147156,0.876032,0.076092,0.000002179,
8745000,29.026423,24.500000,4.526423,29.200001,0.147156,0.876032,0.076014,0.000002128,
8745100,29.026423,24.500000,4.526423,29.200001,0.147156,0.876032,0.075917,0.000002141,
8745200,28.763210,24.500000,4.263210,29.200001,0.147156,0.876032,0.075796,0.000002123,
8745300,28.763210,24.750000,4.013210,29.200001,0.436790,0.643734,0.076052,0.000002198,
8745400,28.763210,24.750000,4.013210,29.200001,0.436790,0.643734,0.075905,0.000002173,
8745500,29.006605,24.750000,4.256605,29.200001,0.436790,0.643734,0.075790,0.000002190,
8745600,29.006605,24.250000,4.756605,29.200001,0.436790,0.643734,0.076052,0.000002242,
8745700,29.006605,24.250000,4.756605,29.200001,0.193396,0.838189,0.076274,0.000002249,
8745800,29.003304,24.250000,4.753304,29.200001,0.193396,0.838189,0.076401,0.000002347,
8745900,29.003304,24.000000,5.003304,29.200001,0.193396,0.838189,0.076329,0.000002372,
8746000,29.003304,24.000000,5.003304,29.200001,0.193396,0.838189,0.076278,0.000002336,
8746100,28.876652,24.000000,4.876652,29.200001,0.196697,0.835282,0.076275,0.000002312,
8746200,28.876652,24.000000,4.876652,29.200001,0.196697,0.835282,0.076305,0.000002301,
8746300,28.876652,24.000000,4.876652,29.200001,0.196697,0.835282,0.076213,0.000002252,
8746400,28.938326,24.000000,4.938326,29.200001,0.196697,0.835282,0.076204,0.000002259,
8746500,28.938326,24.750000,4.188326,29.200001,0.261675,0.782947,0.076266,0.000002229,
8746600,28.938326,24.750000,4.188326,29.200001,0.261675,0.782947,0.076314,0.000002219,
8746700,29.094162,24.750000,4.344162,29.200001,0.261675,0.782947,0.076271,0.000002189,
8746800,29.094162,24.500000,4.594162,29.200001,0.261675,0.782947,0.076266,0.000002251,
8746900,29.094162,24.500000,4.594162,29.200001,0.105839,0.907473,0.076251,0.000002268,
8747000,29.172081,24.500000,4.672081,29.200001,0.105839,0.907473,0.076217,0.000002341,
8747100,29.172081,24.750000,4.422081,29.200001,0.105839,0.907473,0.076148,0.000002319,
8747200,29.172081,24.750000,4.422081,29.200001,0.105839,0.907473,0.076051,0.000002342,
8747300,29.211040,24.750000,4.461040,29.200001,0.027920,0.969770,0.076213,0.000002301,
8747400,29.211040,24.250000,4.961040,29.200001,0.027920,0.969770,0.076096,0.000002253,
8747500,29.211040,24.250000,4.961040,29.200001,0.027920,0.969770,0.076202,0.000002301,
8747600,29.230520,24.250000,4.980520,29.200001,0.027920,0.969770,0.076237,0.000002305,
8747700,29.230520,24.500000,4.730520,29.200001,-0.030519,1.000000,0.076031,0.000002279,
8747800,29.230520,24.500000,4.730520,29.200001,-0.030519,1.000000,0.075971,0.000002253,
8747900,29.240261,24.500000,4.740261,29.200001,-0.030519,1.000000,0.075848,0.000002195,
8748000,29.240261,24.250000,4.990261,29.200001,-0.030519,1.000000,0.075750,0.000002237,
8748100,29.240261,24.250000,4.990261,29.200001,-0.040260,1.000000,0.075668,0.000002224,
8748200,29.245131,24.250000,4.995131,29.200001,-0.040260,1.000000,0.076003,0.000002210,
8748300,29.245131,24.000000,5.245131,29.200001,-0.040260,1.000000,0.076167,0.000002218,
8748400,29.245131,24.000000,5.245131,29.200001,-0.040260,1.000000,0.076099,0.000002208,
8748500,29.372566,24.000000,5.372566,29.200001,-0.045130,1.000000,0.075958,0.000002161,
8748600,29.372566,24.500000,4.872566,29.200001,-0.045130,1.000000,0.076018,0.000002098,
8748700,29.372566,24.500000,4.872566,29.200001,-0.045130,1.000000,0.075912,0.000002094,
8748800,29.311283,24.500000,4.811283,29.200001,-0.045130,1.000000,0.075900,0.000002098,
8748900,29.311283,24.250000,5.061283,29.200001,-0.111282,1.000000,0.075878,0.000002168,
8749000,29.311283,24.250000,5.061283,29.200001,-0.111282,1.000000,0.075829,0.000002136,
8749100,29.280642,24.250000,5.030642,29.200001,-0.111282,1.000000,0.075798,0.000002317,
8749200,29.280642,24.250000,5.030642,29.200001,-0.111282,1.000000,0.075699,0.000002275,
8749300,29.280642,24.250000,5.030642,29.200001,-0.080641,1.000000,0.075638,0.000002235,
8749400,29.265320,24.250000,5.015320,29.200001,-0.080641,1.000000,0.075713,0.000002297,
8749500,29.265320,23.750000,5.515320,29.200001,-0.080641,1.000000,0.075718,0.000002256,
8749600,29.265320,23.750000,5.515320,29.200001,-0.080641,1.000000,0.075770,0.000002238,
8749700,29.132660,23.750000,5.382660,29.200001,-0.065319,1.000000,0.075807,0.000002274,
8749800,29.132660,24.250000,4.882660,29.200001,-0.065319,1.000000,0.075724,0.000002300,
8749900,29.132660,24.250000,4.882660,29.200001,-0.065319,1.000000,0.075601,0.000002392,
8750000,29.191330,24.250000,4.941330,29.200001,-0.065319,1.000000,0.075747,0.000002409,
8750100,29.191330,24.500000,4.691330,29.200001,0.008671,0.985662,0.075652,0.000002440,
8750200,29.191330,24.500000,4.691330,29.200001,0.008671,0.985662,0.075601,0.000002477,
8750300,29.220665,24.500000,4.720665,29.200001,0.008671,0.985662,0.075599,0.000002463,
8750400,29.220665,24.750000,4.470665,29.200001,0.008671,0.985662,0.075874,0.000002413,
8750500,29.220665,24.750000,4.470665,29.200001,-0.020664,1.000000,0.075926,0.000002364,
8750600,29.235332,24.750000,4.485332,29.200001,-0.020664,1.000000,0.076072,0.000002324,
8750700,29.235332,24.500000,4.735332,29.200001,-0.020664,1.000000,0.075982,0.000002279,
8750800,29.235332,24.500000,4.735332,29.200001,-0.020664,1.000000,0.075985,0.000002249,
8750900,29.242666,24.500000,4.742666,29.200001,-0.035332,1.000000,0.075878,0.000002202,
8751000,29.242666,24.750000,4.492666,29.200001,-0.035332,1.000000,0.076075,0.000002179,
8751100,29.242666,24.750000,4.492666,29.200001,-0.035332,1.000000,0.076036,0.000002160,
8751200,29.246334,24.750000,4.496334,29.200001,-0.035332,1.000000,0.076038,0.000002156,
8751300,29.246334,24.500000,4.746334,29.200001,-0.046333,1.000000,0.075973,0.000002125,
8751400,29.246334,24.500000,4.746334,29.200001,-0.046333,1.000000,0.076235,0.000002122,
8751500,29.373167,24.500000,4.873167,29.200001,-0.046333,1.000000,0.076041,0.000002076,
8751600,29.373167,24.250000,5.123167,29.200001,-0.046333,1.000000,0.075995,0.000002066,
8751700,29.373167,24.250000,5.123167,29.200001,-0.173166,1.000000,0.075980,0.000002097,
8751800,29.311584,24.250000,5.061584,29.200001,-0.173166,1.000000,0.076043,0.000002127,
8751900,29.311584,24.250000,5.061584,29.200001,-0.173166,1.000000,0.076061,0.000002094,
8752000,29.311584,24.250000,5.061584,29.200001,-0.173166,1.000000,0.076057,0.000002072,
8752100,29.280792,24.250000,5.030792,29.200001,-0.111584,1.000000,0.075949,0.000002143,
8752200,29.280792,24.750000,4.530792,29.200001,-0.111584,1.000000,0.075863,0.000002177,
8752300,29.280792,24.750000,4.530792,29.200001,-0.111584,1.000000,0.075671,0.000002280,
8752400,29.265396,24.750000,4.515396,29.200001,-0.111584,1.000000,0.075621,0.000002330,
8752500,29.265396,24.250000,5.015396,29.200001,-0.065395,1.000000,0.075728,0.000002344,
8752600,29.265396,24.250000,5.015396,29.200001,-0.065395,1.000000,0.075816,0.000002338,
8752700,29.382698,24.250000,5.132698,29.200001,-0.065395,1.000000,0.075975,0.000002289,
8752800,29.382698,24.500000,4.882698,29.200001,-0.065395,1.000000,0.075882,0.000002305,
8752900,29.382698,24.500000,4.882698,29.200001,-0.182697,1.000000,0.076015,0.000002270,
8753000,29.316349,24.500000,4.816349,29.200001,-0.182697,1.000000,0.076154,0.000002236,
8753100,29.316349,24.500000,4.816349,29.200001,-0.182697,1.000000,0.076125,0.000002228,
8753200,29.316349,24.500000,4.816349,29.200001,-0.182697,1.000000,0.075997,0.000002209,
8753300,29.283175,24.500000,4.783175,29.200001,-0.116348,1.000000,0.075946,0.000002214,
8753400,29.283175,24.500000,4.783175,29.200001,-0.116348,1.000000,0.077089,0.000002209,
8753500,29.283175,24.500000,4.783175,29.200001,-0.116348,1.000000,0.079292,0.000002223,
8753600,29.266586,24.500000,4.766586,29.200001,-0.116348,1.000000,0.081314,0.000002211,
8753700,29.266586,24.750000,4.516586,29.200001,-0.066586,1.000000,0.083088,0.000002213,
8753800,29.266586,24.750000,4.516586,29.200001,-0.066586,1.000000,0.084924,0.000002239,
8753900,29.258293,24.750000,4.508293,29.200001,-0.066586,1.000000,0.086799,0.000002275,
8754000,29.258293,24.750000,4.508293,29.200001,-0.066586,1.000000,0.087990,0.000002259,
8754100,29.258293,24.750000,4.508293,29.200001,-0.058292,1.000000,0.089197,0.000002269,
8754200,29.254147,24.750000,4.504147,29.200001,-0.058292,1.000000,0.090294,0.000002304,
8754300,29.254147,24.500000,4.754147,29.200001,-0.058292,1.000000,0.091511,0.000002282,
8754400,29.254147,24.500000,4.754147,29.200001,-0.058292,1.000000,0.092708,0.000002271,
8754500,29.252073,24.500000,4.752073,29.200001,-0.054146,1.000000,0.093559,0.000002299,
8754600,29.252073,24.500000,4.752073,29.200001,-0.054146,1.000000,0.094353,0.000002258,
8754700,29.252073,24.500000,4.752073,29.200001,-0.054146,1.000000,0.094956,0.000002258,
8754800,29.251038,24.500000,4.751038,29.200001,-0.054146,1.000000,0.095677,0.000002236,
8754900,29.251038,24.750000,4.501038,29.200001,-0.051037,1.000000,0.096096,0.000002237,
8755000,29.251038,24.750000,4.501038,29.200001,-0.051037,1.000000,0.096194,0.000002194,
8755100,29.250519,24.750000,4.500519,29.200001,-0.051037,1.000000,0.096645,0.000002192,
8755200,29.250259,24.750000,4.500259,29.200001,-0.051037,1.000000,0.097091,0.000002160,
8755300,29.250259,23.500000,5.750259,29.200001,-0.050259,1.000000,0.097361,0.000002153,
8755400,29.250259,23.500000,5.750259,29.200001,-0.050259,1.000000,0.097895,0.000002174,
8755500,29.250130,23.500000,5.750130,29.200001,-0.050259,1.000000,0.098266,0.000002218,
8755600,29.250130,24.000000,5.250130,29.200001,-0.050259,1.000000,0.098353,0.000002220,
8755700,29.250130,24.000000,5.250130,29.200001,-0.050129,1.000000,0.098474,0.000002182,
8755800,29.250065,24.000000,5.250065,29.200001,-0.050129,1.000000,0.098749,0.000002225,
8755900,29.250065,24.250000,5.000065,29.200001,-0.050129,1.000000,0.098991,0.000002207,
8756000,29.250065,24.250000,5.000065,29.200001,-0.050129,1.000000,0.099131,0.000002224,
8756100,29.250032,24.250000,5.000032,29.200001,-0.050064,1.000000,0.099175,0.000002227,
8756200,29.250032,24.250000,5.000032,29.200001,-0.050064,1.000000,0.099168,0.000002237,
8756300,29.250032,24.250000,5.000032,29.200001,-0.050064,1.000000,0.099415,0.000002213,
8756400,29.125015,24.250000,4.875015,29.200001,-0.050064,1.000000,0.099473,0.000002310,
8756500,29.125015,24.500000,4.625015,29.200001,0.074986,0.934037,0.099377,0.000002305,
8756600,29.125015,24.500000,4.625015,29.200001,0.074986,0.934037,0.099415,0.000002304,
8756700,29.187508,24.500000,4.687508,29.200001,0.074986,0.934037,0.099733,0.000002275,
8756800,29.187508,24.500000,4.687508,29.200001,0.074986,0.934037,0.099703,0.000002248,
8756900,29.187508,24.500000,4.687508,29.200001,0.012493,0.984014,0.099943,0.000002202,
8757000,29.218754,24.500000,4.718754,29.200001,0.012493,0.984014,0.100053,0.000002162,
8757100,29.218754,24.750000,4.468754,29.200001,0.012493,0.984014,0.100079,0.000002193,
8757200,29.218754,24.750000,4.468754,29.200001,0.012493,0.984014,0.100026,0.000002159,
8757300,29.234377,24.750000,4.484377,29.200001,-0.018753,1.000000,0.100330,0.000002146,
8757400,29.234377,25.000000,4.234377,29.200001,-0.018753,1.000000,0.100244,0.000002138,
8757500,29.234377,25.000000,4.234377,29.200001,-0.018753,1.000000,0.100261,0.000002188,
8757600,29.242188,25.000000,4.242188,29.200001,-0.018753,1.000000,0.100288,0.000002223,
8757700,29.242188,24.750000,4.492188,29.200001,-0.042187,1.000000,0.100463,0.000002188,
8757800,29.242188,24.750000,4.492188,29.200001,-0.042187,1.000000,0.100458,0.000002180,
8757900,28.996094,24.750000,4.246094,29.200001,-0.042187,1.000000,0.100447,0.000002223,
8758000,28.996094,24.500000,4.496094,29.200001,-0.042187,1.000000,0.100344,0.000002311,
8758100,28.996094,24.500000,4.496094,29.200001,0.203907,0.830690,0.100252,0.000002295,
8758200,29.123047,24.500000,4.623047,29.200001,0.203907,0.830690,0.100101,0.000002263,
8758300,29.123047,24.750000,4.373047,29.200001,0.203907,0.830690,0.099968,0.000002243,
8758400,29.123047,24.750000,4.373047,29.200001,0.203907,0.830690,0.099984,0.000002372,
8758500,29.311523,24.750000,4.561523,29.200001,0.076954,0.932148,0.099998,0.000002434,
8758600,29.311523,24.500000,4.811523,29.200001,0.076954,0.932148,0.099943,0.000002415,
8758700,29.311523,24.500000,4.811523,29.200001,0.076954,0.932148,0.100157,0.000002365,
8758800,29.280762,24.500000,4.780762,29.200001,0.076954,0.932148,0.100248,0.000002319,
8758900,29.280762,24.500000,4.780762,29.200001,-0.080761,1.000000,0.100313,0.000002277,
8759000,29.280762,24.500000,4.780762,29.200001,-0.080761,1.000000,0.100197,0.000002264,
8759100,29.265381,24.500000,4.765381,29.200001,-0.080761,1.000000,0.100222,0.000002262,
8759200,29.265381,24.000000,5.265381,29.200001,-0.080761,1.000000,0.100387,0.000002241,
8759300,29.265381,24.000000,5.265381,29.200001,-0.065380,1.000000,0.100488,0.000002267,
8759400,29.257690,24.000000,5.257690,29.200001,-0.065380,1.000000,0.100303,0.000002271,
8759500,29.257690,23.750000,5.507690,29.200001,-0.065380,1.000000,0.100395,0.000002220,
8759600,29.257690,23.750000,5.507690,29.200001,-0.065380,1.000000,0.100445,0.000002211,
8759700,29.378845,23.750000,5.628845,29.200001,-0.057690,1.000000,0.100458,0.000002267,
8759800,29.378845,24.750000,4.628845,29.200001,-0.057690,1.000000,0.100478,0.000002215,
8759900,29.378845,24.750000,4.628845,29.200001,-0.057690,1.000000,0.100370,0.000002183,
8760000,29.314423,24.750000,4.564423,29.200001,-0.057690,1.000000,0.100416,0.000002144,
8760100,29.314423,24.000000,5.314423,29.200001,-0.114422,1.000000,0.100488,0.000002138,
8760200,29.314423,24.000000,5.314423,29.200001,-0.114422,1.000000,0.100477,0.000002195,
8760300,29.282211,24.000000,5.282211,29.200001,-0.114422,1.000000,0.100478,0.000002205,
8760400,29.282211,24.750000,4.532211,29.200001,-0.114422,1.000000,0.100426,0.000002200,
8760500,29.282211,24.750000,4.532211,29.200001,-0.082211,1.000000,0.100450,0.000002392,
8760600,29.266106,24.750000,4.516106,29.200001,-0.082211,1.000000,0.100669,0.000002377,
8760700,29.266106,24.750000,4.516106,29.200001,-0.082211,1.000000,0.100900,0.000002386,
8760800,29.266106,24.750000,4.516106,29.200001,-0.082211,1.000000,0.100755,0.000002367,
8760900,29.258053,24.750000,4.508053,29.200001,-0.066105,1.000000,0.100690,0.000002455,
8761000,29.258053,24.500000,4.758053,29.200001,-0.066105,1.000000,0.100742,0.000002473,
8761100,29.258053,24.500000,4.758053,29.200001,-0.066105,1.000000,0.100583,0.000002404,
8761200,29.254026,24.500000,4.754026,29.200001,-0.066105,1.000000,0.100492,0.000002411,
8761300,29.254026,24.500000,4.754026,29.200001,-0.054026,1.000000,0.100393,0.000002345,
8761400,29.254026,24.500000,4.754026,29.200001,-0.054026,1.000000,0.100354,0.000002396,
8761500,29.377014,24.500000,4.877014,29.200001,-0.054026,1.000000,0.100474,0.000002375,
8761600,29.377014,24.250000,5.127014,29.200001,-0.054026,1.000000,0.100484,0.000002298,
8761700,29.377014,24.250000,5.127014,29.200001,-0.177013,1.000000,0.100485,0.000002258,
8761800,29.188507,24.250000,4.938507,29.200001,-0.177013,1.000000,0.100476,0.000002233,
8761900,29.188507,24.750000,4.438507,29.200001,-0.177013,1.000000,0.100408,0.000002207,
8762000,29.188507,24.750000,4.438507,29.200001,-0.177013,1.000000,0.100531,0.000002261,
8762100,29.219254,24.750000,4.469254,29.200001,0.011494,0.985443,0.100352,0.000002230,
8762200,29.219254,24.750000,4.469254,29.200001,0.011494,0.985443,0.100288,0.000002192,
8762300,29.219254,24.750000,4.469254,29.200001,0.011494,0.985443,0.100336,0.000002180,
8762400,29.359627,24.750000,4.609627,29.200001,0.011494,0.985443,0.100304,0.000002205,
8762500,29.359627,24.750000,4.609627,29.200001,-0.159626,1.000000,0.100618,0.000002239,
8762600,29.359627,24.750000,4.609627,29.200001,-0.159626,1.000000,0.100614,0.000002245,
8762700,29.429813,24.750000,4.679813,29.200001,-0.159626,1.000000,0.100894,0.000002389,
8762800,29.429813,24.500000,4.929813,29.200001,-0.159626,1.000000,0.100740,0.000002368,
8762900,29.429813,24.500000,4.929813,29.200001,-0.229813,1.000000,0.100853,0.000002309,
8763000,29.214907,24.500000,4.714907,29.200001,-0.229813,1.000000,0.100709,0.000002381,
8763100,29.214907,24.500000,4.714907,29.200001,-0.229813,1.000000,0.100997,0.000002356,
8763200,29.214907,24.500000,4.714907,29.200001,-0.229813,1.000000,0.100909,0.000002348,
8763300,29.232452,24.500000,4.732452,29.200001,-0.014906,1.000000,0.100865,0.000002311,
8763400,29.232452,24.500000,4.732452,29.200001,-0.014906,1.000000,0.100805,0.000002392,
8763500,29.232452,24.500000,4.732452,29.200001,-0.014906,1.000000,0.100542,0.000002366,
8763600,29.241226,24.500000,4.741226,29.200001,-0.014906,1.000000,0.100517,0.000002371,
8763700,29.241226,24.500000,4.741226,29.200001,-0.041225,1.000000,0.100598,0.000002314,
8763800,29.241226,24.500000,4.741226,29.200001,-0.041225,1.000000,0.100538,0.000002314,
8763900,29.370613,24.500000,4.870613,29.200001,-0.041225,1.000000,0.100478,0.000002264,
8764000,29.370613,24.000000,5.370613,29.200001,-0.041225,1.000000,0.100710,0.000002237,
8764100,29.370613,24.000000,5.370613,29.200001,-0.170612,1.000000,0.100774,0.000002249,
8764200,29.435307,24.000000,5.435307,29.200001,-0.170612,1.000000,0.100752,0.000002307,
8764300,29.435307,24.750000,4.685307,29.200001,-0.170612,1.000000,0.100740,0.000002370,
8764400,29.435307,24.750000,4.685307,29.200001,-0.170612,1.000000,0.100717,0.000002384,
8764500,29.342653,24.750000,4.592653,29.200001,-0.235306,1.000000,0.100878,0.000002406,
8764600,29.342653,24.500000,4.842653,29.200001,-0.235306,1.000000,0.100803,0.000002381,
8764700,29.342653,24.500000,4.842653,29.200001,-0.235306,1.000000,0.100709,0.000002350,
8764800,29.296326,24.500000,4.796326,29.200001,-0.235306,1.000000,0.100717,0.000002358,
8764900,29.296326,24.750000,4.546326,29.200001,-0.096325,1.000000,0.100620,0.000002366,
8765000,29.296326,24.750000,4.546326,29.200001,-0.096325,1.000000,0.100618,0.000002314,
8765100,29.398163,24.750000,4.648163,29.200001,-0.096325,1.000000,0.100726,0.000002308,
8765200,29.398163,24.250000,5.148163,29.200001,-0.096325,1.000000,0.100875,0.000002361,
8765300,29.398163,24.250000,5.148163,29.200001,-0.198162,1.000000,0.100933,0.000002335,
8765400,29.449081,24.250000,5.199081,29.200001,-0.198162,1.000000,0.100841,0.000002296,
8765500,29.449081,24.000000,5.449081,29.200001,-0.198162,1.000000,0.100734,0.000002338,
8765600,29.449081,24.000000,5.449081,29.200001,-0.198162,1.000000,0.101032,0.000002311,
8765700,29.224541,24.000000,5.224541,29.200001,-0.249081,1.000000,0.100966,0.000002303,
8765800,29.224541,24.250000,4.974541,29.200001,-0.249081,1.000000,0.100900,0.000002256,
8765900,29.224541,24.250000,4.974541,29.200001,-0.249081,1.000000,0.100860,0.000002296,
8766000,29.237270,24.250000,4.987270,29.200001,-0.249081,1.000000,0.100851,0.000002427,
8766100,29.237270,24.500000,4.737270,29.200001,-0.037270,1.000000,0.100658,0.000002391,
8766200,29.237270,24.500000,4.737270,29.200001,-0.037270,1.000000,0.100651,0.000002411,
8766300,29.368635,24.500000,4.868635,29.200001,-0.037270,1.000000,0.100561,0.000002436,
8766400,29.368635,24.750000,4.618635,29.200001,-0.037270,1.000000,0.100597,0.000002511,
8766500,29.368635,24.750000,4.618635,29.200001,-0.168634,1.000000,0.100494,0.000002511,
8766600,29.309319,24.750000,4.559319,29.200001,-0.168634,1.000000,0.100589,0.000002511,
8766700,29.309319,23.750000,5.559319,29.200001,-0.168634,1.000000,0.100441,0.000002502,
8766800,29.309319,23.750000,5.559319,29.200001,-0.168634,1.000000,0.100439,0.000002460,
8766900,29.154659,23.750000,5.404659,29.200001,-0.109318,1.000000,0.100296,0.000002415,
8767000,29.154659,24.500000,4.654659,29.200001,-0.109318,1.000000,0.100278,0.000002362,
8767100,29.154659,24.500000,4.654659,29.200001,-0.109318,1.000000,0.100267,0.000002309,
8767200,29.327330,24.500000,4.827330,29.200001,-0.109318,1.000000,0.100260,0.000002350,
8767300,29.327330,24.500000,4.827330,29.200001,-0.127329,1.000000,0.100274,0.000002291,
8767400,29.327330,24.500000,4.827330,29.200001,-0.127329,1.000000,0.100201,0.000002335,
8767500,29.413666,24.500000,4.913666,29.200001,-0.127329,1.000000,0.100417,0.000002323,
8767600,29.413666,24.750000,4.663666,29.200001,-0.127329,1.000000,0.100666,0.000002383,
8767700,29.413666,24.750000,4.663666,29.200001,-0.213665,1.000000,0.100555,0.000002379,
8767800,29.331833,24.750000,4.581833,29.200001,-0.213665,1.000000,0.101018,0.000002368,
8767900,29.331833,24.750000,4.581833,29.200001,-0.213665,1.000000,0.100884,0.000002380,
8768000,29.331833,24.750000,4.581833,29.200001,-0.213665,1.000000,0.100752,0.000002333,
8768100,29.290916,24.750000,4.540916,29.200001,-0.131832,1.000000,0.100879,0.000002311,
8768300,29.290916,24.500000,4.790916,29.200001,-0.131832,1.000000,0.101275,0.000002313,
8768400,29.270458,24.500000,4.770458,29.200001,-0.131832,1.000000,0.101281,0.000002262,
8768500,29.270458,24.750000,4.520458,29.200001,-0.070457,1.000000,0.101357,0.000002239,
8768600,29.270458,24.750000,4.520458,29.200001,-0.070457,1.000000,0.101256,0.000002253,
8768700,28.885229,24.750000,4.135229,29.200001,-0.070457,1.000000,0.101242,0.000002300,
8768800,28.885229,24.250000,4.635229,29.200001,-0.070457,1.000000,0.101191,0.000002291,
8768900,28.885229,24.250000,4.635229,29.200001,0.314772,0.745438,0.101090,0.000002262,
8769000,28.942616,24.250000,4.692616,29.200001,0.314772,0.745438,0.101182,0.000002243,
8769100,28.942616,24.000000,4.942616,29.200001,0.314772,0.745438,0.101453,0.000002259,
8769200,28.942616,24.000000,4.942616,29.200001,0.314772,0.745438,0.101213,0.000002218,
8769300,29.096308,24.000000,5.096308,29.200001,0.257385,0.790999,0.101063,0.000002215,
8769400,29.096308,24.750000,4.346308,29.200001,0.257385,0.790999,0.101368,0.000002207,
8769500,29.096308,24.750000,4.346308,29.200001,0.257385,0.790999,0.101310,0.000002269,
8769600,29.173153,24.750000,4.423153,29.200001,0.257385,0.790999,0.101318,0.000002266,
8769700,29.173153,24.750000,4.423153,29.200001,0.026848,0.975393,0.101321,0.000002232,
8769800,29.173153,24.750000,4.423153,29.200001,0.026848,0.975393,0.101334,0.000002171,
8769900,29.086576,24.750000,4.336576,29.200001,0.026848,0.975393,0.101147,0.000002137,
8770000,29.086576,24.750000,4.336576,29.200001,0.026848,0.975393,0.101258,0.000002124,
8770100,29.086576,24.750000,4.336576,29.200001,0.113424,0.905979,0.101213,0.000002197,
8770200,29.043289,24.750000,4.293289,29.200001,0.113424,0.905979,0.101172,0.000002184,
8770300,29.043289,24.500000,4.543289,29.200001,0.113424,0.905979,0.101121,0.000002168,
8770400,29.043289,24.500000,4.543289,29.200001,0.113424,0.905979,0.101059,0.000002154,
8770500,29.146645,24.500000,4.646645,29.200001,0.156712,0.871137,0.101002,0.000002122,
8770600,29.146645,24.750000,4.396645,29.200001,0.156712,0.871137,0.100950,0.000002119,
8770700,29.146645,24.750000,4.396645,29.200001,0.156712,0.871137,0.101050,0.000002158,
8770800,28.948322,24.750000,4.198322,29.200001,0.156712,0.871137,0.100973,0.000002136,
8770900,28.948322,24.500000,4.448322,29.200001,0.251678,0.794824,0.100740,0.000002119,
8771000,28.948322,24.500000,4.448322,29.200001,0.251678,0.794824,0.100826,0.000002098,
8771100,28.974161,24.500000,4.474161,29.200001,0.251678,0.794824,0.100746,0.000002108,
8771200,28.974161,24.250000,4.724161,29.200001,0.251678,0.794824,0.100690,0.000002238,
8771300,28.974161,24.250000,4.724161,29.200001,0.225840,0.815190,0.100717,0.000002261,
8771400,28.987080,24.250000,4.737080,29.200001,0.225840,0.815190,0.100672,0.000002226,
8771500,28.987080,24.750000,4.237080,29.200001,0.225840,0.815190,0.100839,0.000002359,
8771600,28.987080,24.750000,4.237080,29.200001,0.225840,0.815190,0.100840,0.000002379,
8771700,29.118540,24.750000,4.368540,29.200001,0.212921,0.825238,0.100911,0.000002418,
8771800,29.118540,24.250000,4.868540,29.200001,0.212921,0.825238,0.100899,0.000002410,
8771900,29.118540,24.250000,4.868540,29.200001,0.212921,0.825238,0.100956,0.000002514,
8772000,29.184269,24.250000,4.934269,29.200001,0.212921,0.825238,0.100883,0.000002452,
8772100,29.184269,24.750000,4.434269,29.200001,0.015732,0.982968,0.100728,0.000002399,
8772200,29.184269,24.750000,4.434269,29.200001,0.015732,0.982968,0.100707,0.000002403,
8772300,29.217134,24.750000,4.467134,29.200001,0.015732,0.982968,0.100921,0.000002395,
8772400,29.217134,24.500000,4.717134,29.200001,0.015732,0.982968,0.100863,0.000002441,
8772500,29.217134,24.500000,4.717134,29.200001,-0.017134,1.000000,0.100737,0.000002413,
8772600,29.108566,24.500000,4.608566,29.200001,-0.017134,1.000000,0.100763,0.000002457,
8772700,29.108566,24.500000,4.608566,29.200001,-0.017134,1.000000,0.100606,0.000002490,
8772800,29.108566,24.500000,4.608566,29.200001,-0.017134,1.000000,0.100508,0.000002461,
8772900,29.179283,24.500000,4.679283,29.200001,0.091434,0.922305,0.100494,0.000002465,
8773000,29.179283,24.750000,4.429283,29.200001,0.091434,0.922305,0.100523,0.000002476,
8773100,29.179283,24.750000,4.429283,29.200001,0.091434,0.922305,0.100545,0.000002502,
8773200,29.339642,24.750000,4.589642,29.200001,0.091434,0.922305,0.100497,0.000002462,
8773300,29.339642,24.750000,4.589642,29.200001,-0.139641,1.000000,0.100528,0.000002443,
8773400,29.339642,24.750000,4.589642,29.200001,-0.139641,1.000000,0.100471,0.000002496,
8773500,29.169821,24.750000,4.419821,29.200001,-0.139641,1.000000,0.100478,0.000002516,
8773600,29.169821,24.500000,4.669821,29.200001,-0.139641,1.000000,0.100445,0.000002647,
8773700,29.169821,24.500000,4.669821,29.200001,0.030180,0.971457,0.100345,0.000002724,
8773800,29.209911,24.500000,4.709911,29.200001,0.030180,0.971457,0.100306,0.000002644,
8773900,29.209911,24.750000,4.459911,29.200001,0.030180,0.971457,0.100411,0.000002579,
8774000,29.209911,24.750000,4.459911,29.200001,0.030180,0.971457,0.100335,0.000002550,
8774100,29.104956,24.750000,4.354956,29.200001,-0.009911,1.000000,0.100409,0.000002552,
8774200,29.104956,24.750000,4.354956,29.200001,-0.009911,1.000000,0.100396,0.000002506,
8774300,29.104956,24.750000,4.354956,29.200001,-0.009911,1.000000,0.100440,0.000002453,
8774400,29.177479,24.750000,4.427479,29.200001,-0.009911,1.000000,0.100408,0.000002494,
8774500,29.177479,24.750000,4.427479,29.200001,0.022522,0.977566,0.100477,0.000002423,
8774600,29.177479,24.750000,4.427479,29.200001,0.022522,0.977566,0.100440,0.000002386,
8774700,29.338739,24.750000,4.588739,29.200001,0.022522,0.977566,0.100585,0.000002329,
8774800,29.338739,24.750000,4.588739,29.200001,0.022522,0.977566,0.100600,0.000002277,
8774900,29.338739,24.750000,4.588739,29.200001,-0.138739,1.000000,0.100659,0.000002260,
8775000,29.294369,24.750000,4.544369,29.200001,-0.138739,1.000000,0.100815,0.000002309,
8775100,29.294369,24.250000,5.044369,29.200001,-0.138739,1.000000,0.100932,0.000002258,
8775200,29.294369,24.250000,5.044369,29.200001,-0.138739,1.000000,0.100847,0.000002318,
8775300,29.272184,24.250000,5.022184,29.200001,-0.094368,1.000000,0.100884,0.000002310,
8775400,29.272184,24.250000,5.022184,29.200001,-0.094368,1.000000,0.100797,0.000002300,
8775500,29.272184,24.250000,5.022184,29.200001,-0.094368,1.000000,0.100903,0.000002246,
8775600,29.386093,24.250000,5.136093,29.200001,-0.094368,1.000000,0.100823,0.000002204,
8775700,29.386093,24.750000,4.636093,29.200001,-0.186092,1.000000,0.100746,0.000002263,
8775800,29.386093,24.750000,4.636093,29.200001,-0.186092,1.000000,0.100638,0.000002240,
8775900,29.318047,24.750000,4.568047,29.200001,-0.186092,1.000000,0.100313,0.000002270,
8776000,29.318047,24.250000,5.068047,29.200001,-0.186092,1.000000,0.100226,0.000002240,
8776100,29.318047,24.250000,5.068047,29.200001,-0.118046,1.000000,0.100362,0.000002266,
8776200,29.409023,24.250000,5.159023,29.200001,-0.118046,1.000000,0.100361,0.000002315,
8776300,29.409023,25.000000,4.409023,29.200001,-0.118046,1.000000,0.100266,0.000002242,
8776400,29.409023,25.000000,4.409023,29.200001,-0.118046,1.000000,0.100244,0.000002246,
8776500,29.454512,25.000000,4.454512,29.200001,-0.209023,1.000000,0.100290,0.000002253,
8776600,29.454512,24.750000,4.704512,29.200001,-0.209023,1.000000,0.100143,0.000002421,
8776700,29.454512,24.750000,4.704512,29.200001,-0.209023,1.000000,0.100153,0.000002435,
8776800,29.352257,24.750000,4.602257,29.200001,-0.209023,1.000000,0.100421,0.000002420,
8776900,29.352257,24.250000,5.102257,29.200001,-0.152256,1.000000,0.100554,0.000002430,
8777000,29.352257,24.250000,5.102257,29.200001,-0.152256,1.000000,0.100587,0.000002385,
8777100,29.301128,24.250000,5.051128,29.200001,-0.152256,1.000000,0.100670,0.000002349,
8777200,29.301128,24.250000,5.051128,29.200001,-0.152256,1.000000,0.100570,0.000002372,
8777300,29.301128,24.250000,5.051128,29.200001,-0.101128,1.000000,0.100757,0.000002288,
8777400,29.275564,24.250000,5.025564,29.200001,-0.101128,1.000000,0.100815,0.000002234,
8777500,29.275564,24.500000,4.775564,29.200001,-0.101128,1.000000,0.101072,0.000002224,
8777600,29.275564,24.500000,4.775564,29.200001,-0.101128,1.000000,0.101019,0.000002190,
8777700,29.262783,24.500000,4.762783,29.200001,-0.075563,1.000000,0.100950,0.000002214,
8777800,29.262783,24.500000,4.762783,29.200001,-0.075563,1.000000,0.100860,0.000002299,
8777900,29.262783,24.500000,4.762783,29.200001,-0.075563,1.000000,0.100861,0.000002334,
8778000,29.381392,24.500000,4.881392,29.200001,-0.075563,1.000000,0.100831,0.000002306,
8778100,29.381392,24.250000,5.131392,29.200001,-0.181391,1.000000,0.100765,0.000002354,
8778200,29.381392,24.250000,5.131392,29.200001,-0.181391,1.000000,0.100717,0.000002304,
8778300,29.315697,24.250000,5.065697,29.200001,-0.181391,1.000000,0.100804,0.000002267,
8778400,29.315697,24.000000,5.315697,29.200001,-0.181391,1.000000,0.100599,0.000002300,
8778500,29.315697,24.000000,5.315697,29.200001,-0.115696,1.000000,0.100534,0.000002252,
8778600,29.282848,24.000000,5.282848,29.200001,-0.115696,1.000000,0.100529,0.000002245,
8778700,29.282848,24.750000,4.532848,29.200001,-0.115696,1.000000,0.100432,0.000002280,
8778800,29.282848,24.750000,4.532848,29.200001,-0.115696,1.000000,0.100496,0.000002304,
8778900,29.266424,24.750000,4.516424,29.200001,-0.082848,1.000000,0.100544,0.000002351,
8779000,29.266424,24.750000,4.516424,29.200001,-0.082848,1.000000,0.100417,0.000002327,
8779100,29.266424,24.750000,4.516424,29.200001,-0.082848,1.000000,0.100427,0.000002343,
8779200,29.258213,24.750000,4.508213,29.200001,-0.082848,1.000000,0.100361,0.000002291,
8779300,29.258213,24.750000,4.508213,29.200001,-0.058212,1.000000,0.100332,0.000002348,
8779400,29.258213,24.750000,4.508213,29.200001,-0.058212,1.000000,0.100099,0.000002437,
8779500,29.379107,24.750000,4.629107,29.200001,-0.058212,1.000000,0.100235,0.000002428,
8779600,29.379107,24.750000,4.629107,29.200001,-0.058212,1.000000,0.100302,0.000002384,
8779700,29.379107,24.750000,4.629107,29.200001,-0.179106,1.000000,0.100252,0.000002355,
8779800,29.314552,24.750000,4.564552,29.200001,-0.179106,1.000000,0.100379,0.000002391,
8779900,29.314552,24.750000,4.564552,29.200001,-0.179106,1.000000,0.100346,0.000002502,
8780000,29.314552,24.750000,4.564552,29.200001,-0.179106,1.000000,0.100350,0.000002497,
8780100,29.407276,24.750000,4.657276,29.200001,-0.114552,1.000000,0.100348,0.000002578,
8780200,29.407276,24.250000,5.157276,29.200001,-0.114552,1.000000,0.101194,0.000002499,
8780300,29.407276,24.250000,5.157276,29.200001,-0.114552,1.000000,0.102667,0.000002483,
8780400,29.203638,24.250000,4.953638,29.200001,-0.114552,1.000000,0.104121,0.000002509,
8780500,29.203638,24.000000,5.203638,29.200001,-0.003637,1.000000,0.105211,0.000002493,
8780600,29.203638,24.000000,5.203638,29.200001,-0.003637,1.000000,0.106338,0.000002486,
8780700,29.226818,24.000000,5.226818,29.200001,-0.003637,1.000000,0.107198,0.000002511,
8780800,29.238409,24.000000,5.238409,29.200001,-0.003637,1.000000,0.108187,0.000002454,
8780900,29.238409,24.000000,5.238409,29.200001,-0.038408,1.000000,0.109125,0.000002463,
8781000,29.238409,24.000000,5.238409,29.200001,-0.038408,1.000000,0.109829,0.000002423,
8781100,29.369205,24.000000,5.369205,29.200001,-0.038408,1.000000,0.110650,0.000002448,
8781200,29.369205,23.750000,5.619205,29.200001,-0.038408,1.000000,0.111139,0.000002548,
8781300,29.369205,23.750000,5.619205,29.200001,-0.169205,1.000000,0.111888,0.000002549,
8781400,29.309603,23.750000,5.559603,29.200001,-0.169205,1.000000,0.112790,0.000002493,
8781500,29.309603,23.500000,5.809603,29.200001,-0.169205,1.000000,0.113409,0.000002425,
8781600,29.309603,23.500000,5.809603,29.200001,-0.169205,1.000000,0.113852,0.000002405,
8781700,29.279800,23.500000,5.779800,29.200001,-0.109602,1.000000,0.114520,0.000002428,
8781800,29.279800,24.250000,5.029800,29.200001,-0.109602,1.000000,0.114981,0.000002392,
8781900,29.279800,24.250000,5.029800,29.200001,-0.109602,1.000000,0.115450,0.000002427,
8782000,29.264900,24.250000,5.014900,29.200001,-0.109602,1.000000,0.115704,0.000002442,
8782100,29.264900,24.000000,5.264900,29.200001,-0.064899,1.000000,0.115973,0.000002440,
8782200,29.264900,24.000000,5.264900,29.200001,-0.064899,1.000000,0.116140,0.000002390,
8782300,29.257450,24.000000,5.257450,29.200001,-0.064899,1.000000,0.116277,0.000002376,
8782400,29.257450,24.000000,5.257450,29.200001,-0.064899,1.000000,0.116491,0.000002389,
8782500,29.257450,24.000000,5.257450,29.200001,-0.057449,1.000000,0.116772,0.000002422,
8782600,29.378725,24.000000,5.378725,29.200001,-0.057449,1.000000,0.116959,0.000002374,
8782700,29.378725,24.250000,5.128725,29.200001,-0.057449,1.000000,0.116905,0.000002386,
8782800,29.378725,24.250000,5.128725,29.200001,-0.057449,1.000000,0.117173,0.000002365,
8782900,29.439362,24.250000,5.189362,29.200001,-0.178724,1.000000,0.117520,0.000002421,
8783000,29.439362,24.000000,5.439362,29.200001,-0.178724,1.000000,0.117540,0.000002424,
8783100,29.439362,24.000000,5.439362,29.200001,-0.178724,1.000000,0.117933,0.000002374,
8783200,29.094681,24.000000,5.094681,29.200001,-0.178724,1.000000,0.118233,0.000002300,
8783300,29.094681,24.000000,5.094681,29.200001,0.105320,0.914465,0.118152,0.000002312,
8783400,29.094681,24.000000,5.094681,29.200001,0.105320,0.914465,0.117944,0.000002271,
8783500,29.047340,24.000000,5.047340,29.200001,0.105320,0.914465,0.117762,0.000002287,
8783600,29.047340,24.250000,4.797340,29.200001,0.105320,0.914465,0.117664,0.000002264,
8783700,29.047340,24.250000,4.797340,29.200001,0.152660,0.876386,0.117687,0.000002230,
8783800,29.273670,24.250000,5.023670,29.200001,0.152660,0.876386,0.117820,0.000002296,
8783900,29.273670,24.250000,5.023670,29.200001,0.152660,0.876386,0.118270,0.000002328,
8784000,29.273670,24.250000,5.023670,29.200001,0.152660,0.876386,0.118574,0.000002303,
8784100,29.261835,24.250000,5.011835,29.200001,-0.073669,1.000000,0.118326,0.000002289,
8784200,29.261835,24.000000,5.261835,29.200001,-0.073669,1.000000,0.118827,0.000002272,
8784300,29.261835,24.000000,5.261835,29.200001,-0.073669,1.000000,0.118937,0.000002274,
8784400,29.380917,24.000000,5.380917,29.200001,-0.073669,1.000000,0.118883,0.000002251,
8784500,29.380917,24.250000,5.130917,29.200001,-0.180916,1.000000,0.118946,0.000002264,
8784600,29.380917,24.250000,5.130917,29.200001,-0.180916,1.000000,0.118900,0.000002351,
8784700,29.065458,24.250000,4.815458,29.200001,-0.180916,1.000000,0.118811,0.000002294,
8784800,29.065458,24.250000,4.815458,29.200001,-0.180916,1.000000,0.118917,0.000002278,
8784900,29.065458,24.250000,4.815458,29.200001,0.134542,0.891043,0.118744,0.000002239,
8785000,28.907730,24.250000,4.657730,29.200001,0.134542,0.891043,0.118536,0.000002241,
8785100,28.907730,24.250000,4.657730,29.200001,0.134542,0.891043,0.118658,0.000002224,
8785200,28.907730,24.250000,4.657730,29.200001,0.134542,0.891043,0.118878,0.000002239,
8785300,29.078865,24.250000,4.828865,29.200001,0.292271,0.764466,0.118884,0.000002385,
8785400,29.078865,24.000000,5.078865,29.200001,0.292271,0.764466,0.119090,0.000002375,
8785500,29.078865,24.000000,5.078865,29.200001,0.292271,0.764466,0.118955,0.000002424,
8785600,29.039433,24.000000,5.039433,29.200001,0.292271,0.764466,0.118599,0.000002419,
8785700,29.039433,24.250000,4.789433,29.200001,0.160568,0.869611,0.118824,0.000002364,
8785800,29.039433,24.250000,4.789433,29.200001,0.160568,0.869611,0.118866,0.000002369,
8785900,28.769716,24.250000,4.519716,29.200001,0.160568,0.869611,0.118715,0.000002325,
8786000,28.769716,24.250000,4.519716,29.200001,0.160568,0.869611,0.118931,0.000002374,
8786100,28.769716,24.250000,4.519716,29.200001,0.430285,0.653257,0.118572,0.000002323,
8786200,29.009857,24.250000,4.759857,29.200001,0.430285,0.653257,0.118525,0.000002308,
8786300,29.009857,24.750000,4.259857,29.200001,0.430285,0.653257,0.118721,0.000002382,
8786400,29.009857,24.750000,4.259857,29.200001,0.430285,0.653257,0.118465,0.000002384,
8786500,29.004929,24.750000,4.254929,29.200001,0.190144,0.845113,0.118510,0.000002372,
8786600,29.004929,24.500000,4.504929,29.200001,0.190144,0.845113,0.118493,0.000002317,
8786700,29.004929,24.500000,4.504929,29.200001,0.190144,0.845113,0.118433,0.000002293,
8786800,29.127464,24.500000,4.627464,29.200001,0.190144,0.845113,0.118641,0.000002334,
8786900,29.127464,24.250000,4.877464,29.200001,0.072536,0.939101,0.118524,0.000002332,
8787000,29.127464,24.250000,4.877464,29.200001,0.072536,0.939101,0.118870,0.000002298,
8787100,29.313732,24.250000,5.063732,29.200001,0.072536,0.939101,0.118679,0.000002262,
8787200,29.313732,24.000000,5.313732,29.200001,0.072536,0.939101,0.118286,0.000002236,
8787300,29.313732,24.000000,5.313732,29.200001,-0.113731,1.000000,0.118494,0.000002310,
8787400,29.156866,24.000000,5.156866,29.200001,-0.113731,1.000000,0.118405,0.000002339,
8787500,29.156866,24.500000,4.656866,29.200001,-0.113731,1.000000,0.118272,0.000002408,
8787600,29.156866,24.500000,4.656866,29.200001,-0.113731,1.000000,0.118403,0.000002356,
8787700,29.328434,24.500000,4.828434,29.200001,0.043135,0.962717,0.118378,0.000002292,
8787800,29.328434,23.500000,5.828434,29.200001,0.043135,0.962717,0.118377,0.000002265,
8787900,29.328434,23.500000,5.828434,29.200001,0.043135,0.962717,0.118105,0.000002303,
8788000,29.289217,23.500000,5.789217,29.200001,0.043135,0.962717,0.118122,0.000002336,
8788100,29.289217,24.250000,5.039217,29.200001,-0.089216,1.000000,0.118149,0.000002265,
